url,title,recommended_action,why,gsc_clicks,gsc_impressions,gsc_position,crawl_word_count,crawl_inlinks,batch
https://bitcoininfonews.com/7-next-meme-coins-to-explode-in-2025-mobu-leads-the-pack/,7 Next Meme Coins to Explode in 2025: MOBU Leads the Pack,noindex_now,Currently indexable; 0 clicks in GSC and this batch is dominated by low-value meme coin / price prediction content.,0,0,,2128,66,batch_6_noindex_content_cleanup
https://bitcoininfonews.com/analyst-confident-of-a-shib-surge-to-0-0002-as-dtx-is-set-to-give-the-meme-coin-a-run/,Analyst confident of a SHIB surge to $0.0002 as DTX is set to give the meme coin a run,noindex_now,Currently indexable; 0 clicks in GSC and this batch is dominated by low-value meme coin / price prediction content.,0,0,,1477,30,batch_6_noindex_content_cleanup
https://bitcoininfonews.com/analyst-xrp-price-rise-prediction/,XRP Price Prediction: Analyst Sees Potential Rise,noindex_now,Currently indexable; 0 clicks in GSC and this batch is dominated by low-value meme coin / price prediction content.,0,0,,1417,30,batch_6_noindex_content_cleanup
https://bitcoininfonews.com/based-eggman-redefines-meme-coins/,Based Eggman ($GGs) Redefines Meme Coins on Coinbase Base,noindex_now,Currently indexable; 0 clicks in GSC and this batch is dominated by low-value meme coin / price prediction content.,0,0,,1441,39,batch_6_noindex_content_cleanup
https://bitcoininfonews.com/best-meme-coins-for-exponential-returns-apc-banana-for-scale-doginme/,"Best Meme Coins for Exponential Returns – APC, Banana for Scale, Doginme",noindex_now,Currently indexable; 0 clicks in GSC and this batch is dominated by low-value meme coin / price prediction content.,0,0,,1698,45,batch_6_noindex_content_cleanup
https://bitcoininfonews.com/best-meme-coins-to-join-this-month-troller-cat-floki-and-why-take-center-stage/,"Best Meme Coins to Join This Month: Troller Cat, FLOKI, and WHY Take Center Stage",noindex_now,Currently indexable; 0 clicks in GSC and this batch is dominated by low-value meme coin / price prediction content.,0,0,,2095,57,batch_6_noindex_content_cleanup
https://bitcoininfonews.com/binance-alpha-solana-meme-coins/,Binance Alpha Adds Solana Meme Coins MOODENG and GOAT,noindex_now,Currently indexable; 0 clicks in GSC and this batch is dominated by low-value meme coin / price prediction content.,0,0,,1377,18,batch_6_noindex_content_cleanup
https://bitcoininfonews.com/binance-co-ceo-hacked-wechat-meme-coin/,Binance Co-CEO He Yi's WeChat Hacked; Meme Coin Promoted,noindex_now,Currently indexable; 0 clicks in GSC and this batch is dominated by low-value meme coin / price prediction content.,0,0,,1441,24,batch_6_noindex_content_cleanup
https://bitcoininfonews.com/binance-cz-photo-policy-meme-coins/,Binance's CZ Clarifies Event Photo Policy on Meme Coins,noindex_now,Currently indexable; 0 clicks in GSC and this batch is dominated by low-value meme coin / price prediction content.,0,0,,1407,51,batch_6_noindex_content_cleanup
https://bitcoininfonews.com/bitcoin-88k-meme-coins-rise/,Bitcoin Reaches $88K Amid Meme Coin Surge,noindex_now,Currently indexable; 0 clicks in GSC and this batch is dominated by low-value meme coin / price prediction content.,0,0,,1276,24,batch_6_noindex_content_cleanup
https://bitcoininfonews.com/bitcoin-bullish-outlook-october/,Bitcoin Price Predictions Show Bullish Outlook for October 4,noindex_now,Currently indexable; 0 clicks in GSC and this batch is dominated by low-value meme coin / price prediction content.,0,0,,1360,27,batch_6_noindex_content_cleanup
https://bitcoininfonews.com/bitcoin-price-prediction-10-million/,Bitcoin $10 Million Price Prediction Discussed Amid Speculation,noindex_now,Currently indexable; 0 clicks in GSC and this batch is dominated by low-value meme coin / price prediction content.,0,0,,1386,24,batch_6_noindex_content_cleanup
https://bitcoininfonews.com/bonk-price-prediction-17000-gains-already-but-troller-cat-might-be-the-next-105x-winner/,"Bonk Price Prediction: 17,000% Gains Already—But Troller Cat Might Be the Next 105x Winner",noindex_now,Currently indexable; 0 clicks in GSC and this batch is dominated by low-value meme coin / price prediction content.,0,0,,2131,45,batch_6_noindex_content_cleanup
https://bitcoininfonews.com/cardano-ada-price-prediction/,Cardano's ADA Price Prediction Lacks Official Endorsement,noindex_now,Currently indexable; 0 clicks in GSC and this batch is dominated by low-value meme coin / price prediction content.,0,0,,1293,24,batch_6_noindex_content_cleanup
https://bitcoininfonews.com/coinbase-base-meme-coin-losses/,"Coinbase's Base Promotes Meme Coin, Traders Face Losses",noindex_now,Currently indexable; 0 clicks in GSC and this batch is dominated by low-value meme coin / price prediction content.,0,0,,1319,39,batch_6_noindex_content_cleanup
https://bitcoininfonews.com/coinbase-solana-meme-coin-useless-listing/,Coinbase Lists Solana Meme Coin USELESS for Spot Trading,noindex_now,Currently indexable; 0 clicks in GSC and this batch is dominated by low-value meme coin / price prediction content.,0,0,,1418,33,batch_6_noindex_content_cleanup
https://bitcoininfonews.com/coinbases-base-meme-coin-losses/,"Coinbase's Base Promotes Meme Coin, Traders Face Heavy Losses",noindex_now,Currently indexable; 0 clicks in GSC and this batch is dominated by low-value meme coin / price prediction content.,0,0,,1301,30,batch_6_noindex_content_cleanup
https://bitcoininfonews.com/conor-mcgregor-launches-meme-coin/,Conor McGregor Introduces New Cryptocurrency Meme Coin,noindex_now,Currently indexable; 0 clicks in GSC and this batch is dominated by low-value meme coin / price prediction content.,0,0,,1015,21,batch_6_noindex_content_cleanup
https://bitcoininfonews.com/conor-mcgregor-meme-coin-auction/,Conor McGregor Launches Meme Coin via Auction,noindex_now,Currently indexable; 0 clicks in GSC and this batch is dominated by low-value meme coin / price prediction content.,0,0,,1278,27,batch_6_noindex_content_cleanup
https://bitcoininfonews.com/coresky-secures-15m-meme-coin/,Coresky Secures $15M for Meme Coin Incubation,noindex_now,Currently indexable; 0 clicks in GSC and this batch is dominated by low-value meme coin / price prediction content.,0,1,4.0,1399,39,batch_6_noindex_content_cleanup
https://bitcoininfonews.com/crypto-assets-hit-2025-lows/,Crypto Assets Hit 2025 Lows Amidst $5B Meme Coin Loss,noindex_now,Currently indexable; 0 clicks in GSC and this batch is dominated by low-value meme coin / price prediction content.,0,0,,1384,24,batch_6_noindex_content_cleanup
https://bitcoininfonews.com/crypto-experts-praise-new-meme-coin-thats-raised-9m-expect-explosive-december-launch/,"Crypto experts praise new meme coin that’s raised $9M, expect explosive December launch",noindex_now,Currently indexable; 0 clicks in GSC and this batch is dominated by low-value meme coin / price prediction content.,0,1,38.0,1522,42,batch_6_noindex_content_cleanup
https://bitcoininfonews.com/crypto-firms-bank-charters-meme-coins/,Crypto Firms' Bank Charter Pursuits Boost Meme Coin Interest,noindex_now,Currently indexable; 0 clicks in GSC and this batch is dominated by low-value meme coin / price prediction content.,0,0,,1371,27,batch_6_noindex_content_cleanup
https://bitcoininfonews.com/crypto-firms-seek-bank-charters/,Crypto Firms Pursue Bank Charters Amid Rising Meme Coin Interest,noindex_now,Currently indexable; 0 clicks in GSC and this batch is dominated by low-value meme coin / price prediction content.,0,0,,1377,39,batch_6_noindex_content_cleanup
https://bitcoininfonews.com/crypto-livestreams-pump-fun-gaza-coin/,Crypto Livestreams Resurge with Pump Fun's Meme Coin Spotlight,noindex_now,Currently indexable; 0 clicks in GSC and this batch is dominated by low-value meme coin / price prediction content.,0,0,,1431,36,batch_6_noindex_content_cleanup
https://bitcoininfonews.com/crypto-market-ai-meme-coins-2025/,Crypto Market Analysis: AI and Meme Coins in Q1 2025,noindex_now,Currently indexable; 0 clicks in GSC and this batch is dominated by low-value meme coin / price prediction content.,0,0,,1352,24,batch_6_noindex_content_cleanup
https://bitcoininfonews.com/cz-warns-meme-coin-crash/,CZ Warns After Meme Coin Crashes 86%,noindex_now,Currently indexable; 0 clicks in GSC and this batch is dominated by low-value meme coin / price prediction content.,0,0,,1368,39,batch_6_noindex_content_cleanup
https://bitcoininfonews.com/dogecoin-price-prediction-2025-surge/,Dogecoin Price Prediction: Potential Surge to $0.95,noindex_now,Currently indexable; 0 clicks in GSC and this batch is dominated by low-value meme coin / price prediction content.,0,0,,1352,30,batch_6_noindex_content_cleanup
https://bitcoininfonews.com/dogwifhat-meme-coin-market-growth/,"Dogwifhat Meme Coin Gains Popularity, Surpasses $299 Million Market Cap",noindex_now,Currently indexable; 0 clicks in GSC and this batch is dominated by low-value meme coin / price prediction content.,0,0,,1327,21,batch_6_noindex_content_cleanup
https://bitcoininfonews.com/elon-musk-meme-coin-surge/,Elon Musk's X Post Spurs Meme Coin Surge,noindex_now,Currently indexable; 0 clicks in GSC and this batch is dominated by low-value meme coin / price prediction content.,0,0,,1325,33,batch_6_noindex_content_cleanup
https://bitcoininfonews.com/eric-trump-meme-coin-scam-exposed/,Eric Trump Meme Coin Collapses: $160M Scam Exposed,noindex_now,Currently indexable; 0 clicks in GSC and this batch is dominated by low-value meme coin / price prediction content.,0,0,,1348,36,batch_6_noindex_content_cleanup
https://bitcoininfonews.com/ethereum-2025-meme-coin-influx/,Ethereum Leads 2025 Meme Coin Season with Record Inflows,noindex_now,Currently indexable; 0 clicks in GSC and this batch is dominated by low-value meme coin / price prediction content.,0,0,,1374,27,batch_6_noindex_content_cleanup
https://bitcoininfonews.com/fartcoin-rise-meme-coin-market/,Fartcoin Emerges as Meme Coin Contender Amidst Rising Market Sentiment,noindex_now,Currently indexable; 0 clicks in GSC and this batch is dominated by low-value meme coin / price prediction content.,0,0,,1306,33,batch_6_noindex_content_cleanup
https://bitcoininfonews.com/fartcoin-surpasses-bonk-leads-solana/,"Fartcoin Surpasses Bonk, Tops Solana Meme Coin Charts",noindex_now,Currently indexable; 0 clicks in GSC and this batch is dominated by low-value meme coin / price prediction content.,0,1,61.0,1310,24,batch_6_noindex_content_cleanup
https://bitcoininfonews.com/freight-technologies-trump-meme-coins/,Freight Technologies Invests $20M in TRUMP Meme Coins,noindex_now,Currently indexable; 0 clicks in GSC and this batch is dominated by low-value meme coin / price prediction content.,0,0,,1291,24,batch_6_noindex_content_cleanup
https://bitcoininfonews.com/geefi-gee-surges-as-avalanche-avax-news-breaks-price-predictions-show-gee-might-outpace-major-tokens/,GeeFi (GEE) Surges as Avalanche (AVAX) News Breaks;  Price Predictions Show GEE Might Outpace Major Tokens,noindex_now,Currently indexable; 0 clicks in GSC and this batch is dominated by low-value meme coin / price prediction content.,0,0,,1506,38,batch_6_noindex_content_cleanup
https://bitcoininfonews.com/ghibli-meme-coins-chatgpt4o-trend/,Ghibli-Themed Meme Coins Rise as ChatGPT-4o Sparks Trend,noindex_now,Currently indexable; 0 clicks in GSC and this batch is dominated by low-value meme coin / price prediction content.,0,0,,1330,24,batch_6_noindex_content_cleanup
https://bitcoininfonews.com/grab-mobu-top-meme-coin-to-join-now-in-oct-2025/,Grab $MOBU - Top Meme Coin to Join Now in Oct 2025,noindex_now,Currently indexable; 0 clicks in GSC and this batch is dominated by low-value meme coin / price prediction content.,0,0,,1825,69,batch_6_noindex_content_cleanup
https://bitcoininfonews.com/kelsier-ventures-eyeing-nigeria/,Kelsier Ventures Eyeing Nigeria for New Meme Coin Amid LIBRA Scandal,noindex_now,Currently indexable; 0 clicks in GSC and this batch is dominated by low-value meme coin / price prediction content.,0,0,,1090,36,batch_6_noindex_content_cleanup
https://bitcoininfonews.com/la-culex-trump-and-bonk-buzz-as-best-meme-coins-to-buy/,"La Culex, Trump, and Bonk Buzz as Best Meme Coins to Buy",noindex_now,Currently indexable; 0 clicks in GSC and this batch is dominated by low-value meme coin / price prediction content.,0,0,,2071,69,batch_6_noindex_content_cleanup
https://bitcoininfonews.com/matrixport-global-liquidity-meme-coins/,"Matrixport Reports Global Liquidity Increase, But Meme Coins Lag",noindex_now,Currently indexable; 0 clicks in GSC and this batch is dominated by low-value meme coin / price prediction content.,0,0,,1381,24,batch_6_noindex_content_cleanup
https://bitcoininfonews.com/may-2025-altcoin-outlook/,"May 2025 Altcoin Outlook: SUI, Meme Coins, AI Tokens",noindex_now,Currently indexable; 0 clicks in GSC and this batch is dominated by low-value meme coin / price prediction content.,0,0,,1389,27,batch_6_noindex_content_cleanup
https://bitcoininfonews.com/mcgregor-token-fundraising-shortfall/,McGregor Token Fails Fundraising Target Amidst Meme Coin Decline,noindex_now,Currently indexable; 0 clicks in GSC and this batch is dominated by low-value meme coin / price prediction content.,0,0,,1292,39,batch_6_noindex_content_cleanup
https://bitcoininfonews.com/meet-the-top-5-cat-meme-coins-redefining-the-market/,Meet the top 5 cat meme coins redefining the market,noindex_now,Currently indexable; 0 clicks in GSC and this batch is dominated by low-value meme coin / price prediction content.,0,0,,1840,33,batch_6_noindex_content_cleanup
https://bitcoininfonews.com/melania-meme-coin-gamble-raises-questions/,Melania Meme Coin Gamble Raises Questions As Price Drops Over 90%,noindex_now,Currently indexable; 0 clicks in GSC and this batch is dominated by low-value meme coin / price prediction content.,0,0,,971,33,batch_6_noindex_content_cleanup
https://bitcoininfonews.com/melania-meme-sparks-crypto-frenzy/,Melania Meme Sparks Crypto Frenzy with Meme Coins,noindex_now,Currently indexable; 0 clicks in GSC and this batch is dominated by low-value meme coin / price prediction content.,0,0,,1375,41,batch_6_noindex_content_cleanup
https://bitcoininfonews.com/melania-trump-milei-crypto-fraud/,"Melania Trump, Milei Allegedly Used in Meme Coin Scheme",noindex_now,Currently indexable; 0 clicks in GSC and this batch is dominated by low-value meme coin / price prediction content.,0,0,,1376,21,batch_6_noindex_content_cleanup
https://bitcoininfonews.com/meme-coin-donations-giggle-academy/,Meme Coin Donations Boost CZ’s Giggle Academy Fund,noindex_now,Currently indexable; 0 clicks in GSC and this batch is dominated by low-value meme coin / price prediction content.,0,0,,1376,27,batch_6_noindex_content_cleanup
https://bitcoininfonews.com/meme-coin-season-index-low/,Meme Coin Season Index Drops to Lowest Level Since 2024,noindex_now,Currently indexable; 0 clicks in GSC and this batch is dominated by low-value meme coin / price prediction content.,0,0,,1280,27,batch_6_noindex_content_cleanup
https://bitcoininfonews.com/meme-coin-whales-on-the-move-stacking-up-on-pepe-dumping-wif/,"Meme Coin Whales on the Move: Stacking Up on PEPE, Dumping WIF",noindex_now,Currently indexable; 0 clicks in GSC and this batch is dominated by low-value meme coin / price prediction content.,0,64,7.42,1037,36,batch_6_noindex_content_cleanup
https://bitcoininfonews.com/meme-coins-2025-market-highlights/,Meme Coins to Watch in 2025: Market Highlights,noindex_now,Currently indexable; 0 clicks in GSC and this batch is dominated by low-value meme coin / price prediction content.,0,0,,1279,30,batch_6_noindex_content_cleanup
https://bitcoininfonews.com/meme-coins-decline-speculative-hype/,Meme Coin Market Faces Decline Amid Speculative Hype,noindex_now,Currently indexable; 0 clicks in GSC and this batch is dominated by low-value meme coin / price prediction content.,0,0,,1410,39,batch_6_noindex_content_cleanup
https://bitcoininfonews.com/meme-coins-market-shifts/,YZi Labs CEO Discusses Meme Coins' Decline,noindex_now,Currently indexable; 0 clicks in GSC and this batch is dominated by low-value meme coin / price prediction content.,0,0,,1270,36,batch_6_noindex_content_cleanup
https://bitcoininfonews.com/meme-coins-penguins-useless-gains/,"Meme Coins Surge: Pudgy Penguins, USELESS Lead Gains",noindex_now,Currently indexable; 0 clicks in GSC and this batch is dominated by low-value meme coin / price prediction content.,0,0,,1341,27,batch_6_noindex_content_cleanup
https://bitcoininfonews.com/meme-coins-spx-mind-gains/,Meme Coins Gain Traction Amid Market Volatility,noindex_now,Currently indexable; 0 clicks in GSC and this batch is dominated by low-value meme coin / price prediction content.,0,0,,1287,24,batch_6_noindex_content_cleanup
https://bitcoininfonews.com/meme-coins-trending-october-2025/,Five Meme Coins Surge in Interest Ahead of October 2025,noindex_now,Currently indexable; 0 clicks in GSC and this batch is dominated by low-value meme coin / price prediction content.,0,0,,1413,39,batch_6_noindex_content_cleanup
https://bitcoininfonews.com/missed-gigachad-this-cats-already-in-third-stage-and-gunning-for-meme-coin-supremacy/,Missed Gigachad? This Cat’s Already in Third Stage and Gunning for Meme Coin Supremacy,noindex_now,Currently indexable; 0 clicks in GSC and this batch is dominated by low-value meme coin / price prediction content.,0,0,,1934,63,batch_6_noindex_content_cleanup
https://bitcoininfonews.com/missed-ponkes-pump-this-new-meme-coin-could-be-your-next-shot-to-success/,﻿Missed Ponke's Pump? This New Meme Coin Could Be Your Next Shot to Success,noindex_now,Currently indexable; 0 clicks in GSC and this batch is dominated by low-value meme coin / price prediction content.,0,0,,2309,57,batch_6_noindex_content_cleanup
https://bitcoininfonews.com/neiro-price-surge-dog-meme/,NEIRO Price Surge Linked to Dog Meme Coin Trend,noindex_now,Currently indexable; 0 clicks in GSC and this batch is dominated by low-value meme coin / price prediction content.,0,0,,1286,33,batch_6_noindex_content_cleanup
https://bitcoininfonews.com/ossoff-calls-impeachment-trump-meme-coin/,Senator Ossoff Supports Impeachment Over Trump Meme Coin Controversy,noindex_now,Currently indexable; 0 clicks in GSC and this batch is dominated by low-value meme coin / price prediction content.,0,0,,1338,24,batch_6_noindex_content_cleanup
https://bitcoininfonews.com/pepe-eyes-0-000014-mobu-leads-meme-coins-that-will-explode/,Pepe Eyes $0.000014: MOBU Leads Meme Coins That Will Explode,noindex_now,Currently indexable; 0 clicks in GSC and this batch is dominated by low-value meme coin / price prediction content.,0,0,,1936,42,batch_6_noindex_content_cleanup
https://bitcoininfonews.com/pepe-wif-meme-coin-rally/,"Meme Coins PEPE, WIF Drive Cryptocurrency Rally",noindex_now,Currently indexable; 0 clicks in GSC and this batch is dominated by low-value meme coin / price prediction content.,0,0,,1417,33,batch_6_noindex_content_cleanup
https://bitcoininfonews.com/pi-coin-price-predictions-2026-2027/,AI Pi Coin Price Predictions Lack Official Backing,noindex_now,Currently indexable; 0 clicks in GSC and this batch is dominated by low-value meme coin / price prediction content.,0,0,,1290,27,batch_6_noindex_content_cleanup
https://bitcoininfonews.com/pi-network-2030-price-prediction/,Pi Network's 2030 Price Predictions Remain Speculative,noindex_now,Currently indexable; 0 clicks in GSC and this batch is dominated by low-value meme coin / price prediction content.,0,0,,1347,33,batch_6_noindex_content_cleanup
https://bitcoininfonews.com/pi-network-development-price-speculation/,Pi Network Focuses on Development Over Speculative Price Predictions,noindex_now,Currently indexable; 0 clicks in GSC and this batch is dominated by low-value meme coin / price prediction content.,0,0,,1431,15,batch_6_noindex_content_cleanup
https://bitcoininfonews.com/pi-network-price-predictions-may-2025/,Pi Network Price Predictions Amid Unverified May 10 Event,noindex_now,Currently indexable; 0 clicks in GSC and this batch is dominated by low-value meme coin / price prediction content.,0,0,,1343,27,batch_6_noindex_content_cleanup
https://bitcoininfonews.com/ponke-left-you-behind-this-meme-coin-might-rewrite-your-comeback-story/,Ponke Left You Behind? This Meme Coin Might Rewrite Your Comeback Story,noindex_now,Currently indexable; 0 clicks in GSC and this batch is dominated by low-value meme coin / price prediction content.,0,0,,2082,54,batch_6_noindex_content_cleanup
https://bitcoininfonews.com/pudgy-penguins-price-prediction-pengu-recovers-to-0-01354-but-troller-cat-at-0-00001166-offers-4453-return/,"Pudgy Penguins Price Prediction: PENGU Recovers to $0.01354, But Troller Cat at $0.00001166 Offers 4453% Return",noindex_now,Currently indexable; 0 clicks in GSC and this batch is dominated by low-value meme coin / price prediction content.,0,0,,2217,57,batch_6_noindex_content_cleanup
https://bitcoininfonews.com/pump-ico-solana-impact-altcoins/,Solana Meme Coin PUMP Nears $600 Million ICO Closure,noindex_now,Currently indexable; 0 clicks in GSC and this batch is dominated by low-value meme coin / price prediction content.,0,0,,1360,36,batch_6_noindex_content_cleanup
https://bitcoininfonews.com/rogoff-bitcoin-prediction-error/,Harvard Economist Rogoff Admits Bitcoin Price Prediction Error,noindex_now,Currently indexable; 0 clicks in GSC and this batch is dominated by low-value meme coin / price prediction content.,0,0,,1386,36,batch_6_noindex_content_cleanup
https://bitcoininfonews.com/runes-meme-coin-on-solana/,Runes Meme Coin on Solana Suspected of Scam Due to Severe Drop in Value,noindex_now,Currently indexable; 0 clicks in GSC and this batch is dominated by low-value meme coin / price prediction content.,0,6,8.33,1354,51,batch_6_noindex_content_cleanup
https://bitcoininfonews.com/six-meme-coins-2025-market/,Six Meme Coins Poised for 2025 Market Spotlight,noindex_now,Currently indexable; 0 clicks in GSC and this batch is dominated by low-value meme coin / price prediction content.,0,0,,1313,30,batch_6_noindex_content_cleanup
https://bitcoininfonews.com/solana-cardano-polkadot-2025-price-predictions/,"Cryptocurrency Price Predictions: Solana, Cardano, Polkadot in 2025",noindex_now,Currently indexable; 0 clicks in GSC and this batch is dominated by low-value meme coin / price prediction content.,0,0,,1373,36,batch_6_noindex_content_cleanup
https://bitcoininfonews.com/solana-dex-meteora-lawsuit-meme-coin/,Solana DEX Meteora Faces Lawsuit Over Meme Coin Scheme,noindex_now,Currently indexable; 0 clicks in GSC and this batch is dominated by low-value meme coin / price prediction content.,0,0,,1278,24,batch_6_noindex_content_cleanup
https://bitcoininfonews.com/solana-meme-coin-snort-rally/,"Solana Approaches $192, Sparking Meme Coin Interest",noindex_now,Currently indexable; 0 clicks in GSC and this batch is dominated by low-value meme coin / price prediction content.,0,0,,1396,30,batch_6_noindex_content_cleanup
https://bitcoininfonews.com/the-rise-of-milk-mocha-hugs-a-meme-coin-finally-offering-real-utility/,The Rise of Milk Mocha ($HUGS): A Meme Coin Finally Offering Real Utility,noindex_now,Currently indexable; 0 clicks in GSC and this batch is dominated by low-value meme coin / price prediction content.,0,0,,1600,39,batch_6_noindex_content_cleanup
https://bitcoininfonews.com/this-meme-coin-jumps-by-50-following-further-support-from-binance/,This Meme Coin Jumps by 50% Following Further Support From Binance,noindex_now,Currently indexable; 0 clicks in GSC and this batch is dominated by low-value meme coin / price prediction content.,0,22,4.95,1189,42,batch_6_noindex_content_cleanup
https://bitcoininfonews.com/top-meme-coins-june-2025/,Top Meme Coins Predicted for June 2025,noindex_now,Currently indexable; 0 clicks in GSC and this batch is dominated by low-value meme coin / price prediction content.,0,0,,1302,27,batch_6_noindex_content_cleanup
https://bitcoininfonews.com/trader-solana-meme-coin-profit/,Trader Turns $170 into $225K with Solana Meme Coin,noindex_now,Currently indexable; 0 clicks in GSC and this batch is dominated by low-value meme coin / price prediction content.,0,0,,1350,33,batch_6_noindex_content_cleanup
https://bitcoininfonews.com/tron-price-2026-prediction-rise-bullish/,Tron Price Prediction 2026 Shows Potential Increase,noindex_now,Currently indexable; 0 clicks in GSC and this batch is dominated by low-value meme coin / price prediction content.,0,0,,1341,30,batch_6_noindex_content_cleanup
https://bitcoininfonews.com/trump-crypto-dinner-investors/,Trump Hosts Crypto Dinner for $TRUMP Meme Coin Investors,noindex_now,Currently indexable; 0 clicks in GSC and this batch is dominated by low-value meme coin / price prediction content.,0,0,,1469,27,batch_6_noindex_content_cleanup
https://bitcoininfonews.com/trump-crypto-meme-coin-surge/,Trump-Linked Crypto Endorsement Spurs 130% Meme Coin Surge,noindex_now,Currently indexable; 0 clicks in GSC and this batch is dominated by low-value meme coin / price prediction content.,0,0,,1018,33,batch_6_noindex_content_cleanup
https://bitcoininfonews.com/trump-crypto-whales-dinner-event/,Trump Hosts Crypto Whales for Exclusive Meme Coin Dinner Event,noindex_now,Currently indexable; 0 clicks in GSC and this batch is dominated by low-value meme coin / price prediction content.,0,0,,1320,24,batch_6_noindex_content_cleanup
https://bitcoininfonews.com/trump-meme-coin-gala-investors/,Trump Hosts Meme Coin Gala Amidst Crypto Scrutiny,noindex_now,Currently indexable; 0 clicks in GSC and this batch is dominated by low-value meme coin / price prediction content.,0,0,,1340,45,batch_6_noindex_content_cleanup
https://bitcoininfonews.com/trump-meme-coin-utility-expansion/,TRUMP Meme Coin Implements Utility Features for Market Expansion,noindex_now,Currently indexable; 0 clicks in GSC and this batch is dominated by low-value meme coin / price prediction content.,0,0,,1371,24,batch_6_noindex_content_cleanup
https://bitcoininfonews.com/trump-sons-cease-desist-meme-coin/,Trump Sons Issue Cease-and-Desist Over Meme Coin Association,noindex_now,Currently indexable; 0 clicks in GSC and this batch is dominated by low-value meme coin / price prediction content.,0,0,,1393,15,batch_6_noindex_content_cleanup
https://bitcoininfonews.com/us-lawmakers-trump-meme-coin/,US Lawmakers Debate Launch of Trump Meme Coin,noindex_now,Currently indexable; 0 clicks in GSC and this batch is dominated by low-value meme coin / price prediction content.,0,0,,1000,39,batch_6_noindex_content_cleanup
https://bitcoininfonews.com/wall-street-pepe-solana-airdrop/,Wall Street Pepe's Solana Expansion Sparks Meme Coin Rally,noindex_now,Currently indexable; 0 clicks in GSC and this batch is dominated by low-value meme coin / price prediction content.,0,0,,1378,33,batch_6_noindex_content_cleanup
https://bitcoininfonews.com/why-this-newest-bull-on-the-block-is-the-best-new-meme-coin-to-buy-and-hold-for-the-short-term/,Why This Newest Bull on the Block is the Best New Meme Coin to Buy and Hold for the Short Term,noindex_now,Currently indexable; 0 clicks in GSC and this batch is dominated by low-value meme coin / price prediction content.,0,0,,1884,69,batch_6_noindex_content_cleanup
https://bitcoininfonews.com/wif-bullish-momentum-solana/,Dogwifhat (WIF) Meme Coin Shows Bullish Momentum,noindex_now,Currently indexable; 0 clicks in GSC and this batch is dominated by low-value meme coin / price prediction content.,0,0,,1311,24,batch_6_noindex_content_cleanup
https://bitcoininfonews.com/xrp-2026-price-predictions-lacking-endorsement/,XRP Price Predictions for 2026 Lack Official Ripple Endorsement,noindex_now,Currently indexable; 0 clicks in GSC and this batch is dominated by low-value meme coin / price prediction content.,0,0,,1446,36,batch_6_noindex_content_cleanup
https://bitcoininfonews.com/xrp-adoption-latin-america-price-rise/,"XRP Adoption Rises in Latin America, Sparks $10 Price Predictions",noindex_now,Currently indexable; 0 clicks in GSC and this batch is dominated by low-value meme coin / price prediction content.,0,0,,1379,30,batch_6_noindex_content_cleanup
https://bitcoininfonews.com/xrp-dogecoin-pi-coin-price-predictions-sep-2025/,"XRP, Dogecoin, Pi Coin Price Predictions for September 2025",noindex_now,Currently indexable; 0 clicks in GSC and this batch is dominated by low-value meme coin / price prediction content.,0,0,,1351,24,batch_6_noindex_content_cleanup
https://bitcoininfonews.com/xrp-prediction-2026-claims-lack-evidence/,XRP Price Prediction Claims Lack Primary Source Validation,noindex_now,Currently indexable; 0 clicks in GSC and this batch is dominated by low-value meme coin / price prediction content.,0,0,,1419,30,batch_6_noindex_content_cleanup
https://bitcoininfonews.com/xrp-price-prediction-1000-by-2030-bitcoin-market-cap/,"XRP Price Prediction: Can XRP Reach $1,000 by 2030?",noindex_now,Currently indexable; 0 clicks in GSC and this batch is dominated by low-value meme coin / price prediction content.,0,0,,1425,18,batch_6_noindex_content_cleanup
https://bitcoininfonews.com/xrp-price-prediction-whale-scoops-20m-coins-1-27-1-35-levels-light-up/,"XRP Price Prediction: Whale Scoops 20M Coins, $1.27-$1.35 in Focus",noindex_now,Currently indexable; 0 clicks in GSC and this batch is dominated by low-value meme coin / price prediction content.,0,0,,1780,24,batch_6_noindex_content_cleanup
https://bitcoininfonews.com/xrp-price-predictions-officially-unconfirmed/,XRP Price Predictions Lacking Official Endorsement,noindex_now,Currently indexable; 0 clicks in GSC and this batch is dominated by low-value meme coin / price prediction content.,0,0,,1341,42,batch_6_noindex_content_cleanup
