hub_name,title,url,status,post_date,primary_category,cluster,recommended_action,source_export_clusters,occurrences,why_fit
Coin Reviews,Ankr Review: Making Web3 Grow Stronger,https://coincu.com/ankr-review/,publish,2023-03-13 14:23:12,Other Reviews,Coin / Project Reviews,keep,Mixed Reviews Archive,1,coin/project review intent
Coin Reviews,Arrakis Finance Review: Powerful AMM Platform Built On Uniswap V3,https://coincu.com/arrakis-finance-amm-platform-on-uniswap-v3/,publish,2023-10-22 06:40:39,Other Reviews,Coin / Project Reviews,keep,Mixed Reviews Archive,1,coin/project review intent
Coin Reviews,Art Gobblers Review: Unique NFT Project Helps Users Create Art,https://coincu.com/art-gobblers-review-unique-nft-project/,publish,2023-06-14 05:53:34,Other Reviews,Coin / Project Reviews,keep,Mixed Reviews Archive,1,coin/project review intent
Coin Reviews,Bittensor Review: Machine Intelligence's Future Unveiled?,https://coincu.com/bittensor-review-2024-machine-intelligence/,publish,2024-04-17 09:54:32,Other Reviews,Coin / Project Reviews,keep,Mixed Reviews Archive,1,coin/project review intent
Coin Reviews,Bored Ape Kennel Club Review: Unique Collection Based On BAYC,https://coincu.com/bored-ape-kennel-club-review/,publish,2023-06-18 11:23:37,Other Reviews,Coin / Project Reviews,keep,Mixed Reviews Archive,1,coin/project review intent
Coin Reviews,BUILDon (B) Review 2026: 5 Key Facts Behind the USD1 Meme Proxy,https://coincu.com/buildon-b-review-5-facts-behind-usd1-meme-proxy/,publish,2026-05-03 16:37:09,Other Reviews,Coin / Project Reviews,keep,Mixed Reviews Archive,1,coin/project review intent
Coin Reviews,CoinScreener Review: Simplify Your Decisions To Gain Super Profit With AI In 2024,https://coincu.com/what-coinscreener-ai-simplify-gain-profit/,publish,2023-10-21 13:19:29,Other Reviews,Coin / Project Reviews,keep,Mixed Reviews Archive,1,coin/project review intent
Coin Reviews,Conic Finance Review: The Big Contribution To Curve's Success,https://coincu.com/conic-finance-review/,publish,2023-08-14 09:59:57,Other Reviews,Coin / Project Reviews,keep,Mixed Reviews Archive,1,coin/project review intent
Coin Reviews,CyberKongz Review: One Of The First Solid PFP NFT Projects,https://coincu.com/cyberkongz-review/,publish,2023-06-18 06:15:36,Other Reviews,Coin / Project Reviews,keep,Mixed Reviews Archive,1,coin/project review intent
Coin Reviews,Datamall Chain Review: A New Rising Start Of Web3 Data Storage Infrastructures,https://coincu.com/datamall-chain-review-a-new-rising/,publish,2023-06-11 08:14:01,Other Reviews,Coin / Project Reviews,keep,Mixed Reviews Archive,1,coin/project review intent
Coin Reviews,DedaCoin Review: The Future of Secure and Efficient Digital Transactions,https://coincu.com/dedacoin-review-the-future-of-secure-and-efficient-digital-transactions/,publish,2024-08-09 08:43:55,Other Reviews,Coin / Project Reviews,keep,Mixed Reviews Archive,1,coin/project review intent
Coin Reviews,DOGS Memecoin Review: Telegram's Memecoin Project listed on Binance Launchpool,https://coincu.com/dogs-memecoin-review-telegrams-memecoin-project/,publish,2024-08-21 16:31:40,Other Reviews,Coin / Project Reviews,keep,Mixed Reviews Archive,1,coin/project review intent
Coin Reviews,ENS Review: Easier Ways To Reach Web3,https://coincu.com/ens-review/,publish,2023-03-23 16:26:14,Other Reviews,Coin / Project Reviews,keep,Mixed Reviews Archive,1,coin/project review intent
Coin Reviews,Ethena Review: Breakthrough Stablecoin Solution On Ethereum,https://coincu.com/ethena-review-breakthrough-stablecoin-solution/,publish,2024-04-10 15:52:44,Other Reviews,Coin / Project Reviews,keep,Mixed Reviews Archive,1,coin/project review intent
Coin Reviews,Ethermail Review: Experience Unique Read to Earn Feature In Web3,https://coincu.com/ethermail-review/,publish,2023-10-18 08:56:59,Other Reviews,Coin / Project Reviews,keep,Mixed Reviews Archive,1,coin/project review intent
Coin Reviews,Fetch.AI Review: Don't Miss AI Coin Storming FET In 2024,https://coincu.com/fetchai-review-ai-coin-storming-fet/,publish,2023-10-21 12:46:58,Other Reviews,Coin / Project Reviews,keep,Mixed Reviews Archive,1,coin/project review intent
Coin Reviews,Flappy Bird Review: Web3 Version Causes Excitement On Telegram,https://coincu.com/flappy-bird-review-web3-version/,publish,2024-09-25 16:52:00,Other Reviews,Coin / Project Reviews,keep,Mixed Reviews Archive,1,coin/project review intent
Coin Reviews,Gbitcoins Review: The Regulated Platform To Earn Extra Cash From Crypto Assets,https://coincu.com/maximizing-your-earnings-gbitcoins-review/,publish,2023-10-21 14:52:02,Other Reviews,Coin / Project Reviews,keep,Mixed Reviews Archive,1,coin/project review intent
Coin Reviews,Gitcoin Review: Solving The Difficult Problem Of Open Source Funds,https://coincu.com/gitcoin-review/,publish,2023-04-10 09:20:49,Other Reviews,Coin / Project Reviews,keep,Mixed Reviews Archive,1,coin/project review intent
Coin Reviews,Gosleep Review: Web3 Lifestyle App Helps Users Earn Money While Sleeping,https://coincu.com/gosleep-review/,publish,2023-10-18 06:58:47,Other Reviews,Coin / Project Reviews,keep,Mixed Reviews Archive,1,coin/project review intent
Coin Reviews,Hamster Kombat Review: Tap to Earn Game Similar To Notcoin,https://coincu.com/hamster-kombat-review-tap-to-earn-game/,publish,2024-06-25 14:58:40,Other Reviews,Coin / Project Reviews,keep,Mixed Reviews Archive,1,coin/project review intent
Coin Reviews,Homeworkify Review: Best AI Homework Helper Tool,https://coincu.com/homeworkify-review-best-ai-homework-helper-tool/,publish,2024-03-06 09:47:26,Other Reviews,Coin / Project Reviews,keep,Mixed Reviews Archive,1,coin/project review intent
Coin Reviews,Ice Blue Review: NFT Free-Mint Project Supported By Aptos,https://coincu.com/ice-blue-review-free-mint-nft-project-on-aptos/,publish,2024-04-08 13:53:47,Other Reviews,Coin / Project Reviews,keep,Mixed Reviews Archive,1,coin/project review intent
Coin Reviews,Listing.Help Review: The Best Choice for Token Listings,https://coincu.com/listing-help-the-best-choice-for-token-listings/,publish,2024-05-15 08:12:04,Other Reviews,Coin / Project Reviews,keep,Mixed Reviews Archive,1,coin/project review intent
Coin Reviews,Maverick Review: The 34th Launchpool Project On Binance With Dynamic Distribution AMM,https://coincu.com/maverick-review-34th-launchpool-binance/,publish,2023-10-22 07:11:12,Other Reviews,Coin / Project Reviews,keep,Mixed Reviews Archive,1,coin/project review intent
Coin Reviews,Memeland Review: 9GAG's Interesting NFT Project,https://coincu.com/memeland-review-interesting-nft-project/,publish,2023-11-01 09:20:40,Other Reviews,Coin / Project Reviews,keep,Mixed Reviews Archive,1,coin/project review intent
Coin Reviews,mfers Review: The NFT Collection Of The Community With An Interesting History,https://coincu.com/mfers-review/,publish,2023-06-12 17:01:58,Other Reviews,Coin / Project Reviews,keep,Mixed Reviews Archive,1,coin/project review intent
Coin Reviews,"Mining Platform Selection Guide: Comprehensive Review and Trust Analysis of MasHash, Binance, and ECOS",https://coincu.com/mining-platform-selection-guide/,publish,2024-08-22 10:13:12,Other Reviews,Coin / Project Reviews,keep,Mixed Reviews Archive,1,coin/project review intent
Coin Reviews,Moonbix Review: Binance's New Game Is Attracting Users,https://coincu.com/moonbix-review/,publish,2024-09-25 11:42:19,Other Reviews,Coin / Project Reviews,keep,Mixed Reviews Archive,1,coin/project review intent
Coin Reviews,Mutant Ape NFT Review: The Breakthrough From BAYC,https://coincu.com/mutant-ape-nft-review/,publish,2023-06-18 09:52:35,Other Reviews,Coin / Project Reviews,keep,Mixed Reviews Archive,1,coin/project review intent
Coin Reviews,NFPrompt Review: Web3 Platform Helps Profit From NFTs Through AI Technology,https://coincu.com/nfprompt-review-web3-platform/,publish,2024-02-12 07:39:20,Other Reviews,Coin / Project Reviews,keep,Mixed Reviews Archive,1,coin/project review intent
Coin Reviews,Not Pixel Review: Discover the Engaging Art Game on Telegram,https://coincu.com/not-pixel-review/,publish,2024-11-08 09:19:22,Other Reviews,Coin / Project Reviews,keep,Mixed Reviews Archive,1,coin/project review intent
Coin Reviews,Notcoin Review: The 54th Project Of Binance Launchpool,https://coincu.com/notcoin-review-play-telegram-game-before-airdrop/,publish,2024-04-22 14:46:37,Other Reviews,Coin / Project Reviews,keep,Mixed Reviews Archive,1,coin/project review intent
Coin Reviews,Nova-Dox Review: After a successful NFT startup Nova-Dox is launching a crypto token with a 33x commitment,https://coincu.com/nova-dox-review-launch-crypto-token-with-33x/,publish,2024-01-09 11:19:45,Other Reviews,Coin / Project Reviews,keep,Mixed Reviews Archive,1,coin/project review intent
Coin Reviews,Okcoin Reviews: A Better Way To Bitcoin?,https://coincu.com/okcoin-reviews-a-better-way-to-bitcoin/,publish,2023-02-09 16:44:37,Other Reviews,Coin / Project Reviews,keep,Mixed Reviews Archive,1,coin/project review intent
Coin Reviews,Pepe Coin Review: The Strong Attraction Project For The Meme Coin Community,https://coincu.com/pepe-coin-review/,publish,2023-10-18 07:58:50,Other Reviews,Coin / Project Reviews,keep,Mixed Reviews Archive,1,coin/project review intent
Coin Reviews,Poloniex Review: Deep Look Into Features With Pros And Cons In 2024,https://coincu.com/poloniex-review-features-pros-cons/,publish,2023-10-21 13:29:08,Other Reviews,Coin / Project Reviews,keep,Mixed Reviews Archive,1,coin/project review intent
Coin Reviews,Pudgy Penguins &amp; PENGU Token Review: Top NFT Collection 2025,https://coincu.com/pudgy-penguins-pengu-review/,publish,2024-12-31 05:04:54,Other Reviews,Coin / Project Reviews,keep,Mixed Reviews Archive,1,coin/project review intent
Coin Reviews,Pudgy Penguins Review: Top Outstanding NFT Project In The Industry,https://coincu.com/pudgy-penguins-review/,publish,2023-06-04 19:10:18,Other Reviews,Coin / Project Reviews,keep,Mixed Reviews Archive,1,coin/project review intent
Coin Reviews,Review GMM Coin: The First Decentralized Social Metaverse Breakthrough,https://coincu.com/what-is-gamium-gmm/,publish,2023-10-15 04:30:49,Other Reviews,Coin / Project Reviews,keep,Mixed Reviews Archive,1,coin/project review intent
Coin Reviews,Sappy Seals Review: NFT Collection Has An Impressive Community,https://coincu.com/sappy-seals-review-nft-collection-has-an-impressive-community/,publish,2023-06-17 09:41:18,Other Reviews,Coin / Project Reviews,keep,Mixed Reviews Archive,1,coin/project review intent
Coin Reviews,"SingularityNET Review: Detailed About The Project, Will It Explode With AI Trend?",https://coincu.com/singularitynet-review/,publish,2023-10-17 17:54:34,Other Reviews,Coin / Project Reviews,keep,Mixed Reviews Archive,1,coin/project review intent
Coin Reviews,"SkyAI (SKYAI) Review 2026: MCP Data-Rail Thesis, Market Structure, and the Real Risks",https://coincu.com/skyai-skyai-review-mcp-data-rail-thesis/,publish,2026-05-04 12:15:20,Other Reviews,Coin / Project Reviews,keep,Mixed Reviews Archive,1,coin/project review intent
Coin Reviews,Sleepless AI Review: Web3 Game Platform Using AI Technology,https://coincu.com/sleepless-ai-review/,publish,2024-02-13 06:46:50,Other Reviews,Coin / Project Reviews,keep,Mixed Reviews Archive,1,coin/project review intent
Coin Reviews,Slingshot Finance Review: Legit or Scam?,https://coincu.com/slingshot-finance-review-legit-or-scam/,publish,2023-03-05 04:18:12,Other Reviews,Coin / Project Reviews,keep,Mixed Reviews Archive,1,coin/project review intent
Coin Reviews,Solana Seeker Review: Next Generation of Solana Smartphone,https://coincu.com/solana-seeker-review-next-generation-of-solana/,publish,2025-05-22 09:59:01,Other Reviews,Coin / Project Reviews,keep,Mixed Reviews Archive,1,coin/project review intent
Coin Reviews,Space ID Review: Build Domain With Many Outstanding Features,https://coincu.com/space-id-review/,publish,2023-10-18 07:21:13,Other Reviews,Coin / Project Reviews,keep,Mixed Reviews Archive,1,coin/project review intent
Coin Reviews,Syscoin Review: Good Potential Project Forgotten,https://coincu.com/syscoin-review/,publish,2023-04-02 07:29:15,Other Reviews,Coin / Project Reviews,keep,Mixed Reviews Archive,1,coin/project review intent
Coin Reviews,Tensor Review: Blur's Formidable New Competitor On Solana,https://coincu.com/tensor-review-on-solana/,publish,2024-02-11 06:09:41,Other Reviews,Coin / Project Reviews,keep,Mixed Reviews Archive,1,coin/project review intent
Coin Reviews,Treasure DAO Review: The Fisrt NFT Project On Arbitrum,https://coincu.com/treasure-dao-review/,publish,2023-03-29 04:39:36,Other Reviews,Coin / Project Reviews,keep,Mixed Reviews Archive,1,coin/project review intent
Coin Reviews,Unstable Diffusion Review: AI Tool Creates Unique Realistic Images,https://coincu.com/unstable-diffusion-review/,publish,2024-03-06 09:48:01,Other Reviews,Coin / Project Reviews,keep,Mixed Reviews Archive,1,coin/project review intent
Coin Reviews,What Is Azbit? Everything You Need to Know,https://coincu.com/azbit-reviews-a-to-z-crypto-exchange/,publish,2025-05-27 10:02:13,Other Reviews,Coin / Project Reviews,keep,Mixed Reviews Archive,1,coin/project review intent
Coin Reviews,Wojak Coin Review: The Allure Of A Famous Meme Icon,https://coincu.com/wojak-coin-review/,publish,2024-11-06 04:17:00,Other Reviews,Coin / Project Reviews,keep,Mixed Reviews Archive,1,coin/project review intent
Coin Reviews,Worldcoin Review: The New Project Expected To Boom In 2024,https://coincu.com/worldcoin-revolutionize-cryptocurrencies/,publish,2023-10-21 13:11:32,Other Reviews,Coin / Project Reviews,keep,Mixed Reviews Archive,1,coin/project review intent
Coin Reviews,X Empire Review: Attractive Tap-to-Earn Game on Telegram,https://coincu.com/x-empire-review/,publish,2024-09-24 16:50:56,Other Reviews,Coin / Project Reviews,keep,Mixed Reviews Archive,1,coin/project review intent
Exchange Reviews,AirSwap Reviews: Peer-to-peer Token Trading DEX and Open Source?,https://coincu.com/airswap-reviews-peer-to-peer-token-trading/,publish,2023-05-26 07:48:17,Exchange Reviews,Exchange Reviews,keep,Exchange Reviews,1,explicit exchange category
Exchange Reviews,Ambient Review: Emerging DEX On Ethereum Brings Exciting User Experience,https://coincu.com/ambient-emerging-dex-on-ethereum-exciting/,publish,2023-08-05 06:14:04,Other Reviews,Exchange Reviews,keep,Mixed Reviews Archive,1,exchange-specific title intent
Exchange Reviews,Backpack Review: What Makes Solana's First CEX Project Stand Out?,https://coincu.com/backpack-review-the-first-solana-cex/,publish,2024-03-18 07:14:58,Exchange Reviews,Exchange Reviews,keep,Exchange Reviews,1,explicit exchange category
Exchange Reviews,BaseFEX Reviews: Crypto Derivatives Exchange That Puts Traders First?,https://coincu.com/basefex-reviews-crypto-derivatives-exchange/,publish,2023-07-03 04:37:30,Exchange Reviews,Exchange Reviews,keep,Exchange Reviews,1,explicit exchange category
Exchange Reviews,BigONE Review: Safe Cryptocurrency Exchange With Complete Ecosystem,https://coincu.com/bigone-review-safe-cryptocurrency-exchange/,publish,2023-10-22 06:39:57,Other Reviews,Exchange Reviews,keep,Mixed Reviews Archive,1,exchange-specific title intent
Exchange Reviews,Binance Review: The Top Largest Crypto Exchange In The World,https://coincu.com/binance-review/,publish,2023-01-10 04:05:24,Exchange Reviews,Exchange Reviews,keep,Exchange Reviews,1,explicit exchange category
Exchange Reviews,BingX Reviews: A Leading Crypto Exchange?,https://coincu.com/bingx-reviews-a-leading-crypto-exchange/,publish,2023-02-21 05:10:28,Exchange Reviews,Exchange Reviews,keep,Exchange Reviews,1,explicit exchange category
Exchange Reviews,"BIT Review: Safe, Reliable Cryptocurrency Exchange",https://coincu.com/bit-review-safe-reliable-exchange/,publish,2023-02-19 07:18:25,Other Reviews,Exchange Reviews,keep,Mixed Reviews Archive,1,exchange-specific title intent
Exchange Reviews,Bitaroo Reviews: Australia’s Biggest Bitcoin Only Exchange?,https://coincu.com/bitaroo-review-australias-btc-only-exchange/,publish,2023-05-25 12:02:23,Exchange Reviews,Exchange Reviews,keep,Exchange Reviews,1,explicit exchange category
Exchange Reviews,Bitbank Review: One Of The Lowest Fee Exchanges You Should Try,https://coincu.com/bitbank-review-lowest-fee-exchanges/,publish,2023-10-13 06:00:30,Other Reviews,Exchange Reviews,keep,Mixed Reviews Archive,1,exchange-specific title intent
Exchange Reviews,Bitbuy Review: The Crypto Destination Of Investors!,https://coincu.com/bitbuy-review-the-crypto-destination/,publish,2023-04-28 03:59:01,Exchange Reviews,Exchange Reviews,keep,Exchange Reviews,1,explicit exchange category
Exchange Reviews,Bitfinex Review: The Exchange That Was Controversial But Still Evolving,https://coincu.com/bitfinex-review/,publish,2023-02-11 18:16:17,Exchange Reviews,Exchange Reviews,keep,Exchange Reviews,1,explicit exchange category
Exchange Reviews,bitFlyer Review: Everything You Should Know?,https://coincu.com/bitflyer-review-everything-you-should-know/,publish,2023-01-28 14:50:27,Exchange Reviews,Exchange Reviews,keep,Exchange Reviews,1,explicit exchange category
Exchange Reviews,Bitget Review: A Safe And Legal Cryptocurrency Exchange You Should Try,https://coincu.com/bitget-review-safe-legal-exchange/,publish,2023-10-21 15:04:52,Other Reviews,Exchange Reviews,keep,Mixed Reviews Archive,1,exchange-specific title intent
Exchange Reviews,Bitinka Reviews: Buy And Sell Cryptos In Seconds!,https://coincu.com/bitinka-reviews-buy-and-sell-cryptos/,publish,2023-05-21 08:20:13,Exchange Reviews,Exchange Reviews,keep,Exchange Reviews,1,explicit exchange category
Exchange Reviews,"BitMart Review: Secure, User-Friendly Crypto Trading with Low Fees",https://coincu.com/bitmart-review-secure-user-friendly-crypto-trading-with-low-fees/,publish,2024-07-18 10:36:41,Exchange Reviews,Exchange Reviews,keep,Exchange Reviews,1,explicit exchange category
Exchange Reviews,BitMart Review: The Most Solid Exchange Platform Over 180 Countries,https://coincu.com/bitmart-trusted-exchange-platformnbsp/,publish,2023-10-21 13:27:20,Exchange Reviews,Exchange Reviews,keep,Exchange Reviews,1,explicit exchange category
Exchange Reviews,BitMEX Review: The Best Platform For Traders Who Love Leverage Trading,https://coincu.com/bitmex-review/,publish,2023-02-19 15:03:16,Exchange Reviews,Exchange Reviews,keep,Exchange Reviews,1,explicit exchange category
Exchange Reviews,BitOasis Exchange Reviews: The Simple Way To Buy And Sell Cryptocurrencies,https://coincu.com/bitoasis-exchange-reviews-buy-and-sell/,publish,2023-06-03 04:12:04,Exchange Reviews,Exchange Reviews,keep,Exchange Reviews,1,explicit exchange category
Exchange Reviews,"Bitrue Review: Conduct Transactions Anytime, Anywhere?",https://coincu.com/bitrue-review-conduct-transactions/,publish,2023-02-04 13:35:46,Exchange Reviews,Exchange Reviews,keep,Exchange Reviews,1,explicit exchange category
Exchange Reviews,Bitso Reviews: Easy Crypto And Safe Crypto?,https://coincu.com/bitso-reviews-easy-crypto-and-safe-crypto/,publish,2023-02-12 13:06:20,Exchange Reviews,Exchange Reviews,keep,Exchange Reviews,1,explicit exchange category
Exchange Reviews,Bitstamp Review: User-Friendly Exchange With Competitive Features,https://coincu.com/bitstamp-review/,publish,2023-02-05 15:56:40,Exchange Reviews,Exchange Reviews,keep,Exchange Reviews,1,explicit exchange category
Exchange Reviews,Bittrex Review: An Extraordinary Exchange Offers Over 400 Cryptocurrencies,https://coincu.com/bittrex-review-an-extraordinary-exchange/,publish,2023-10-22 07:17:59,Other Reviews,Exchange Reviews,keep,Mixed Reviews Archive,1,exchange-specific title intent
Exchange Reviews,Bitvavo Review: What's New In The Leading Dutch Exchange?,https://coincu.com/bitvavo-review-new-leading-dutch-exchange/,publish,2023-10-22 07:00:46,Other Reviews,Exchange Reviews,keep,Mixed Reviews Archive,1,exchange-specific title intent
Exchange Reviews,BKEX Review: Higher Value Of Digital Asset Circulation,https://coincu.com/bkex-review-higher-value-of-digital-asset/,publish,2023-10-22 06:31:27,Exchange Reviews,Exchange Reviews,keep,Exchange Reviews,1,explicit exchange category
Exchange Reviews,BTCC Review: Crypto Futures Trading Made Easy,https://coincu.com/btcc-review-crypto-futures-trading-easy/,publish,2023-06-09 11:18:59,Exchange Reviews,Exchange Reviews,keep,Exchange Reviews,1,explicit exchange category
Exchange Reviews,BTCEX Review: A 2023 Exchange With User-Friendly Interface &amp; Convenient Features,https://coincu.com/btcex-review-a-2023-user-friendly-interface/,publish,2023-10-21 12:58:36,Other Reviews,Exchange Reviews,keep,Mixed Reviews Archive,1,exchange-specific title intent
Exchange Reviews,BtcTurk PRO Review: Safe Cryptocurrency Exchange Suitable For All Traders,https://coincu.com/btcturk-pro-review-safe-exchange-suitable/,publish,2023-10-22 06:38:45,Other Reviews,Exchange Reviews,keep,Mixed Reviews Archive,1,exchange-specific title intent
Exchange Reviews,"Bybit Review: Reputable Exchange, Up To 100x Leverage On Bitcoin",https://coincu.com/bybit-review-reputable-100x-leverage/,publish,2023-10-21 15:35:25,Other Reviews,Exchange Reviews,keep,Mixed Reviews Archive,1,exchange-specific title intent
Exchange Reviews,Changelly Review: Exchange Any Crypto Instantly!,https://coincu.com/changelly-review-exchange-crypto-instantly/,publish,2023-04-23 05:14:47,Exchange Reviews,Exchange Reviews,keep,Exchange Reviews,1,explicit exchange category
Exchange Reviews,ChangeNOW Review: Limitless Web3.0 Crypto Exchange,https://coincu.com/changenow-exchange-review/,publish,2023-06-09 09:24:14,Exchange Reviews,Exchange Reviews,keep,Exchange Reviews,1,explicit exchange category
Exchange Reviews,Coinbase Review: Top Trading Platform With Many Supported Features,https://coincu.com/coinbase-review-top-trading-platform/,publish,2023-02-05 05:57:52,Exchange Reviews,Exchange Reviews,keep,Exchange Reviews,1,explicit exchange category
Exchange Reviews,Coincheck Review: The Simplest Way To Exchange Your Cryptocurrency In 2024,https://coincu.com/coincheck-review-the-simplest-way/,publish,2023-10-21 14:42:03,Exchange Reviews,Exchange Reviews,keep,Exchange Reviews,1,explicit exchange category
Exchange Reviews,CoinEx Review: Trading Platform With Powerful Spot Trading,https://coincu.com/coinex-review/,publish,2023-02-19 18:52:19,Exchange Reviews,Exchange Reviews,keep,Exchange Reviews,1,explicit exchange category
Exchange Reviews,Coinhako Reviews: Best Crypto Exchange To Buy Cryptocurrency In Singapore?,https://coincu.com/coinhako-reviews-crypto-exchange-singapore/,publish,2023-05-20 07:16:54,Exchange Reviews,Exchange Reviews,keep,Exchange Reviews,1,explicit exchange category
Exchange Reviews,CoinJar Review: Makes Buying Crypto Easy!,https://coincu.com/coinjar-review-makes-buying-crypto-easy/,publish,2023-04-29 08:20:47,Exchange Reviews,Exchange Reviews,keep,Exchange Reviews,1,explicit exchange category
Exchange Reviews,Coinone Review: Is This Korean Crypto Exchange Legit or a Scam?,https://coincu.com/coinone-reviews-is-a-scam/,publish,2025-05-27 04:02:06,Other Reviews,Exchange Reviews,keep,Mixed Reviews Archive,1,exchange-specific title intent
Exchange Reviews,Coinsbit Review: Safe To Invest Your Money?,https://coincu.com/coinsbit-review-safe-to-invest-your-money/,publish,2023-02-05 12:49:33,Exchange Reviews,Exchange Reviews,keep,Exchange Reviews,1,explicit exchange category
Exchange Reviews,Coinsquare Review: Canada's First IIROC-Regulated Cryptocurrency Marketplace?,https://coincu.com/coinsquare-review-canadas-iiroc-crypto/,publish,2023-04-23 04:47:42,Exchange Reviews,Exchange Reviews,keep,Exchange Reviews,1,explicit exchange category
Exchange Reviews,CoinSwitch Kuber Reviews: Build Wealth On India's Simplest Crypto App,https://coincu.com/coinswitch-kuber-reviews-indias-crypto-app/,publish,2023-06-03 07:29:30,Exchange Reviews,Exchange Reviews,keep,Exchange Reviews,1,explicit exchange category
Exchange Reviews,CoinW Review: The Innovative Global Exchange With 7 Million Traders Worldwide,https://coincu.com/coinw-review-innovative-global-exchange/,publish,2023-10-21 13:20:55,Other Reviews,Exchange Reviews,keep,Mixed Reviews Archive,1,exchange-specific title intent
Exchange Reviews,CoinZoom Reviews: The Complete Cash To Crypto Experience?,https://coincu.com/coinzoom-reviews-crypto-experience/,publish,2023-05-26 08:50:29,Exchange Reviews,Exchange Reviews,keep,Exchange Reviews,1,explicit exchange category
Exchange Reviews,Crypto Exchange Fees in 2024: Review of the Best Trading Fee Options,https://coincu.com/crypto-exchange-fees/,publish,2024-06-09 14:26:25,Other Reviews,Exchange Reviews,keep,Mixed Reviews Archive,1,exchange-specific title intent
Exchange Reviews,Currency.com Review: Top Secure Exchange,https://coincu.com/currencycom-review-top-secure-exchange/,publish,2023-10-21 14:37:02,Other Reviews,Exchange Reviews,keep,Mixed Reviews Archive,1,exchange-specific title intent
Exchange Reviews,Dcoin Reviews: Safe and Stable?,https://coincu.com/dcoin-reviews-safe-and-stable/,publish,2023-05-25 11:31:23,Exchange Reviews,Exchange Reviews,keep,Exchange Reviews,1,explicit exchange category
Exchange Reviews,DeDust Review: Top Growth Exchange on TON,https://coincu.com/dedust-review-top-growth-exchange-on-ton/,publish,2024-10-17 16:05:00,Other Reviews,Exchange Reviews,keep,Mixed Reviews Archive,1,exchange-specific title intent
Exchange Reviews,Deepcoin Reviews: Cryptocurrency Derivative Trading Platform?,https://coincu.com/deepcoin-reviews-cryptocurrency-derivative/,publish,2023-05-19 05:24:08,Exchange Reviews,Exchange Reviews,keep,Exchange Reviews,1,explicit exchange category
Exchange Reviews,DEX-Trade Review: Safe Cryptocurrency Exchange With Favorable Fees,https://coincu.com/dex-trade-safe-exchange-favorable-fees/,publish,2023-03-08 07:58:24,Other Reviews,Exchange Reviews,keep,Mixed Reviews Archive,1,exchange-specific title intent
Exchange Reviews,Digifinex Reviews: Global Cryptocurrency Exchange?,https://coincu.com/digifinex-reviews-global-crypto-exchange/,publish,2023-02-25 04:20:41,Exchange Reviews,Exchange Reviews,keep,Exchange Reviews,1,explicit exchange category
Exchange Reviews,Dopex Review: The First Options Exchange On Aribitrum With Good Features,https://coincu.com/dopex-review/,publish,2023-03-27 02:40:59,Other Reviews,Exchange Reviews,keep,Mixed Reviews Archive,1,exchange-specific title intent
Exchange Reviews,Drift Protocol Review: DEX Platform With Special Dynamic AMM Mechanism,https://coincu.com/drift-protocol-review/,publish,2024-02-11 06:09:33,Other Reviews,Exchange Reviews,keep,Mixed Reviews Archive,1,exchange-specific title intent
Exchange Reviews,Fibrous Review: AMM Aggregator With Best Swap Rate On StarkNet,https://coincu.com/fibrous-amm-aggregator-best-swap-rate-starknet/,publish,2023-08-01 12:50:19,Other Reviews,Exchange Reviews,keep,Mixed Reviews Archive,1,exchange-specific title intent
Exchange Reviews,Gate.io Review: Exchange With A Complete System And Reliable,https://coincu.com/gateio-review-complete-system-and-reliable/,publish,2023-10-22 06:52:02,Other Reviews,Exchange Reviews,keep,Mixed Reviews Archive,1,exchange-specific title intent
Exchange Reviews,"Gemini Review: Prestigious, Secure Exchange You Should Try",https://coincu.com/gemini-review-prestigious-secure-exchange/,publish,2023-01-12 09:30:51,Other Reviews,Exchange Reviews,keep,Mixed Reviews Archive,1,exchange-specific title intent
Exchange Reviews,Hotbit Review: The World's Leading Cryptocurrency Trading Platform?,https://coincu.com/hotbit-review-the-worlds-leading-crypto/,publish,2023-04-29 08:03:03,Exchange Reviews,Exchange Reviews,keep,Exchange Reviews,1,explicit exchange category
Exchange Reviews,Hotcoin Global Reviews: The World's Leading Blockchain Digital Asset Trading Platform?,https://coincu.com/hotcoin-global-reviews/,publish,2023-02-21 04:29:16,Exchange Reviews,Exchange Reviews,keep,Exchange Reviews,1,explicit exchange category
Exchange Reviews,Huobi Review: Safe &amp; Worth It To Use?,https://coincu.com/huobi-review-safe-worth-it-to-use/,publish,2023-01-29 14:29:11,Exchange Reviews,Exchange Reviews,keep,Exchange Reviews,1,explicit exchange category
Exchange Reviews,Independent Reserve Reviews: Grow Your Wealth With The Trusted Cryptocurrency Exchange?,https://coincu.com/independent-reserve-reviews/,publish,2023-05-25 12:23:28,Exchange Reviews,Exchange Reviews,keep,Exchange Reviews,1,explicit exchange category
Exchange Reviews,IndoEx Review: Trusted Cryptocurrency Exchange You Should Try,https://coincu.com/indoex-review-trusted-exchange/,publish,2023-10-21 13:36:03,Other Reviews,Exchange Reviews,keep,Mixed Reviews Archive,1,exchange-specific title intent
Exchange Reviews,Inside Decibel: A New Instant-Level Trading Platform in 2025,https://coincu.com/decibel-instant-level-trading-platform/,publish,2025-11-19 08:44:43,Exchange Reviews,Exchange Reviews,keep,Exchange Reviews,1,explicit exchange category
Exchange Reviews,"Investiva CFD broker Review: Online Trading With £1.7 Billion AUM And 3,000+ Assets",https://coincu.com/investiva-cfd-broker-review-online-trading-asset/,publish,2024-03-04 10:49:00,Other Reviews,Exchange Reviews,keep,Mixed Reviews Archive,1,exchange-specific title intent
Exchange Reviews,KLAYswap Review: A Decentralized Crypto Asset Finance Protocol?,https://coincu.com/klayswap-review-a-decentralized-crypto/,publish,2023-03-15 15:02:42,Exchange Reviews,Exchange Reviews,keep,Exchange Reviews,1,explicit exchange category
Exchange Reviews,Kraken Review: The Best And Most Secure Exchange For Pro Traders,https://coincu.com/kraken-review/,publish,2023-02-05 08:37:57,Other Reviews,Exchange Reviews,keep,Mixed Reviews Archive,1,exchange-specific title intent
Exchange Reviews,KuCoin Review: New Trading Platform With Extremely Competitive Fees,https://coincu.com/kucoin-review/,publish,2023-02-05 09:51:32,Exchange Reviews,Exchange Reviews,keep,Exchange Reviews,1,explicit exchange category
Exchange Reviews,"Layerswap Review: Solution Connecting Assets Between CEX, Blockchain With Layer 2",https://coincu.com/layerswap-connecting-cex-blockchain-l2/,publish,2023-10-21 15:22:48,Other Reviews,Exchange Reviews,keep,Mixed Reviews Archive,1,exchange-specific title intent
Exchange Reviews,LBank Review: Experience The Best In Cryptocurrency?,https://coincu.com/lbank-review-experience-the-best-in-crypto/,publish,2023-01-27 14:02:06,Exchange Reviews,Exchange Reviews,keep,Exchange Reviews,1,explicit exchange category
Exchange Reviews,Logium Reviews: Decentralized Options Protocol?,https://coincu.com/logium-reviews-decentralized-protocol/,publish,2023-05-18 12:08:57,Exchange Reviews,Exchange Reviews,keep,Exchange Reviews,1,explicit exchange category
Exchange Reviews,"Looking for a KuCoin Alternative? BYDFi Offers a No-KYC, Global Crypto Trading Experience",https://coincu.com/kucoin-alternative-bydfi-no-kyc-trading/,publish,2025-02-19 03:38:00,Exchange Reviews,Exchange Reviews,keep,Exchange Reviews,1,explicit exchange category
Exchange Reviews,MaxSwap Review: The Best Crypto Exchange Platform for Traders,https://coincu.com/maxswap-review-the-best-crypto-exchange-platform-for-traders/,publish,2024-05-31 02:29:29,Exchange Reviews,Exchange Reviews,keep,Exchange Reviews,1,explicit exchange category
Exchange Reviews,MEXC Review 2023: Is It Safe Or Scam?,https://coincu.com/mexc-review-is-it-safe-or-scam/,publish,2023-01-11 03:12:22,Exchange Reviews,Exchange Reviews,keep,Exchange Reviews,1,explicit exchange category
Exchange Reviews,Mummy Finance Review: DEX In Top 3 On Fantom What's So Special,https://coincu.com/mummy-finance-dex-top-3-on-fantom/,publish,2023-07-31 04:09:47,Other Reviews,Exchange Reviews,keep,Mixed Reviews Archive,1,exchange-specific title intent
Exchange Reviews,NDAX Reviews: Canada's Top Crypto Trading Platform to Buy Bitcoin?,https://coincu.com/ndax-reviews-canadas-top-crypto-trading/,publish,2023-05-21 08:39:22,Exchange Reviews,Exchange Reviews,keep,Exchange Reviews,1,explicit exchange category
Exchange Reviews,Newton Exchange Reviews: Easy Crypto Trading For Canadians?,https://coincu.com/newton-exchange-reviews-easy-crypto-trading/,publish,2023-06-22 10:23:55,Exchange Reviews,Exchange Reviews,keep,Exchange Reviews,1,explicit exchange category
Exchange Reviews,NFTperp Review: The First A Perpetual Futures Dex With Profitable Blue-Chip NFT,https://coincu.com/nftperp-first-perpetual-futures-dex-nft/,publish,2023-10-22 06:56:04,Other Reviews,Exchange Reviews,keep,Mixed Reviews Archive,1,exchange-specific title intent
Exchange Reviews,Nominex Reviews: First Hybrid Exchange With DeFi Mechanics?,https://coincu.com/nominex-reviews-first-hybrid-exchange/,publish,2023-06-03 04:34:50,Exchange Reviews,Exchange Reviews,keep,Exchange Reviews,1,explicit exchange category
Exchange Reviews,OKX Review: Really Outstanding Cryptocurrency Exchange,https://coincu.com/okx-review-cryptocurrency-exchange/,publish,2023-01-06 09:25:25,Other Reviews,Exchange Reviews,keep,Mixed Reviews Archive,1,exchange-specific title intent
Exchange Reviews,Open Exchange Review: The First Exchange to Help Recover Bankrupt Assets,https://coincu.com/open-exchange-review/,publish,2023-10-10 12:37:35,Other Reviews,Exchange Reviews,keep,Mixed Reviews Archive,1,exchange-specific title intent
Exchange Reviews,Osmosis Review: Interchain Liquidity Lab?,https://coincu.com/osmosis-review-interchain-liquidity-lab/,publish,2023-03-18 14:23:00,Exchange Reviews,Exchange Reviews,keep,Exchange Reviews,1,explicit exchange category
Exchange Reviews,"P2B Review: Cryptocurrency Exchange Simple Interface, Suitable For Beginners",https://coincu.com/p2b-review-simple-interface-beginners/,publish,2023-10-21 16:05:52,Other Reviews,Exchange Reviews,keep,Mixed Reviews Archive,1,exchange-specific title intent
Exchange Reviews,Pendle Review: New Potential In The Swap Market With Impressive Yields,https://coincu.com/pendle-swap-market-with-impressive-yields/,publish,2023-05-06 07:55:14,Other Reviews,Exchange Reviews,keep,Mixed Reviews Archive,1,exchange-specific title intent
Exchange Reviews,Pexpay Review: One Of the World's Leading P2P Exchanges With Solid Growth,https://coincu.com/pexpay-leading-p2p-exchanges/,publish,2023-10-21 12:55:35,Other Reviews,Exchange Reviews,keep,Mixed Reviews Archive,1,exchange-specific title intent
Exchange Reviews,Phemex Review: One Of The Most Reliable And Hassle-free Exchanges In 2024,https://coincu.com/phemex-review-reliable-hassle-free-exchange/,publish,2023-10-21 12:53:02,Other Reviews,Exchange Reviews,keep,Mixed Reviews Archive,1,exchange-specific title intent
Exchange Reviews,Pionex Review: The Most Advanced Bot Cryptocurrency Exchange You Should Try,https://coincu.com/pionex-review-most-advanced-bot-exchange/,publish,2023-10-22 06:34:57,Other Reviews,Exchange Reviews,keep,Mixed Reviews Archive,1,exchange-specific title intent
Exchange Reviews,PrimeXBT Review: An All-in-one App For All Things Trading,https://coincu.com/primexbt-review-an-all-in-one-app-for-all-things-trading/,publish,2024-06-17 09:38:40,Exchange Reviews,Exchange Reviews,keep,Exchange Reviews,1,explicit exchange category
Exchange Reviews,PrimeXBT Review: Buy And Hold Or Trade With Leverage?,https://coincu.com/primexbt-review-buy-and-hold-or-trade/,publish,2023-04-28 04:17:27,Exchange Reviews,Exchange Reviews,keep,Exchange Reviews,1,explicit exchange category
Exchange Reviews,ProBit Review: An Exchange Built With High Authority And Unique Features For 2024,https://coincu.com/probit-review-an-exchange-built-2023/,publish,2023-10-21 14:32:33,Other Reviews,Exchange Reviews,keep,Mixed Reviews Archive,1,exchange-specific title intent
Exchange Reviews,QuickSwap Review: Next-Generation Layer-2 Decentralized Exchange?,https://coincu.com/quickswap-review-decentralized-exchange/,publish,2023-03-18 15:16:32,Exchange Reviews,Exchange Reviews,keep,Exchange Reviews,1,explicit exchange category
Exchange Reviews,QuickSwap V3 Review: New But Outstanding Layer 2 DEX,https://coincu.com/quickswap-v3-new-outstanding-layer-2-dex/,publish,2023-10-21 13:35:03,Other Reviews,Exchange Reviews,keep,Mixed Reviews Archive,1,exchange-specific title intent
Exchange Reviews,Rollup.Finance Review: Powerful Perpetual Derivatives Exchange On The zkSync Era,https://coincu.com/rollupfinance-perpetual-derivatives-exchange/,publish,2023-08-14 12:43:17,Other Reviews,Exchange Reviews,keep,Mixed Reviews Archive,1,exchange-specific title intent
Exchange Reviews,Shakepay Reviews: The Easiest Way For Canadians To Buy And Earn Bitcoin?,https://coincu.com/shakepay-reviews-canadians-to-buy-earn-bitcoin/,publish,2023-07-03 03:35:46,Exchange Reviews,Exchange Reviews,keep,Exchange Reviews,1,explicit exchange category
Exchange Reviews,ShapeShift Reviews: Your Multi-Chain Crypto Home Base?,https://coincu.com/shapeshift-reviews-your-multi-chain-crypto/,publish,2023-07-03 03:59:57,Exchange Reviews,Exchange Reviews,keep,Exchange Reviews,1,explicit exchange category
Exchange Reviews,Sparrow Exchange Reviews: Bespoke Digital Asset Solutions?,https://coincu.com/sparrow-exchange-reviews/,publish,2023-05-21 07:41:31,Exchange Reviews,Exchange Reviews,keep,Exchange Reviews,1,explicit exchange category
Exchange Reviews,StealthEX Review: Best Crypto Exchange For You?,https://coincu.com/stealthex-review-best-crypto-exchange-for-you/,publish,2023-04-28 05:00:05,Exchange Reviews,Exchange Reviews,keep,Exchange Reviews,1,explicit exchange category
Exchange Reviews,StormGain Review: All-In-One Crypto App With Bitcoin Cloud Miner,https://coincu.com/stormgain-review-all-in-one-crypto-app/,publish,2023-04-19 07:22:49,Exchange Reviews,Exchange Reviews,keep,Exchange Reviews,1,explicit exchange category
Exchange Reviews,Suiswap Review: The Most Notable DEX Of Sui Ecosystem,https://coincu.com/suiswap-review/,publish,2023-06-05 04:50:58,Other Reviews,Exchange Reviews,keep,Mixed Reviews Archive,1,exchange-specific title intent
Exchange Reviews,SwapSpace Review: More Than A Crypto Exchange?,https://coincu.com/swapspace-review-more-than-crypto-exchange/,publish,2023-04-29 09:01:14,Exchange Reviews,Exchange Reviews,keep,Exchange Reviews,1,explicit exchange category
Exchange Reviews,Swisscheese Review: A Novel DEX Bridging Crypto and Stock Trading,https://coincu.com/swisscheese-review-a-novel-dex-stock-trading/,publish,2024-10-16 08:12:14,Exchange Reviews,Exchange Reviews,keep,Exchange Reviews,1,explicit exchange category
Exchange Reviews,Swyftx Review: Most Trusted Australian Crypto Exchange?,https://coincu.com/swyftx-review-most-trusted-australian/,publish,2023-04-29 09:40:46,Exchange Reviews,Exchange Reviews,keep,Exchange Reviews,1,explicit exchange category
Exchange Reviews,Syncswap Review: Seamless And efficient DEX On zkSync Era Network,https://coincu.com/syncswap-seamless-efficient-dex-zksync-era/,publish,2023-06-21 07:43:05,Other Reviews,Exchange Reviews,keep,Mixed Reviews Archive,1,exchange-specific title intent
Exchange Reviews,Tapbit Review: Prestigious Cryptocurrency Exchange With A Complete Ecosystem,https://coincu.com/tapbit-review-prestigious-exchange/,publish,2023-10-21 13:31:38,Other Reviews,Exchange Reviews,keep,Mixed Reviews Archive,1,exchange-specific title intent
Exchange Reviews,"TokoCrypto Review: Prestigious, Safe Exchange In Indonesia",https://coincu.com/tokocrypto-review-safe-exchange-indonesia/,publish,2023-10-22 07:02:20,Other Reviews,Exchange Reviews,keep,Mixed Reviews Archive,1,exchange-specific title intent
Exchange Reviews,Uniswap V3 Review: Revolutionizing The Crypto!,https://coincu.com/uniswap-v3-optimism-review/,publish,2023-03-12 08:57:21,Exchange Reviews,Exchange Reviews,keep,Exchange Reviews,1,explicit exchange category
Exchange Reviews,UPbit Review: The Best Platform To Use For Trading Crypto Assets,https://coincu.com/upbit-review-platform-to-trading-crypto/,publish,2023-01-21 20:45:20,Exchange Reviews,Exchange Reviews,keep,Exchange Reviews,1,explicit exchange category
Exchange Reviews,Vela Exchange Review: Promising Derivatives Trading Platform On Arbitrum,https://coincu.com/vela-exchange-review/,publish,2023-10-18 09:05:10,Other Reviews,Exchange Reviews,keep,Mixed Reviews Archive,1,exchange-specific title intent
Exchange Reviews,Vertex Review: Outstanding And Fully Featured DEX On Arbitrum,https://coincu.com/vertex-fully-featured-dex-on-arbitrum/,publish,2023-06-06 02:03:40,Other Reviews,Exchange Reviews,keep,Mixed Reviews Archive,1,exchange-specific title intent
Exchange Reviews,"VirgoCX Reviews: Make Crypto Trading Safe, Easy, And Affordable?",https://coincu.com/virgocx-reviews-make-crypto-trading-safe/,publish,2023-05-16 07:50:03,Exchange Reviews,Exchange Reviews,keep,Exchange Reviews,1,explicit exchange category
Exchange Reviews,What Makes a Crypto Exchange Truly Private? An Analysis Through the Lens of StealthEX,https://coincu.com/what-makes-a-crypto-exchange-truly-private-an-analysis-through-the-lens-of-stealthex/,publish,2025-10-15 11:19:26,Exchange Reviews,Exchange Reviews,keep,Exchange Reviews,1,explicit exchange category
Exchange Reviews,WhiteBit Review: New Trusted Exchange You Should Try,https://coincu.com/whitebit-review-new-trusted-exchange/,publish,2023-10-22 06:59:16,Other Reviews,Exchange Reviews,keep,Mixed Reviews Archive,1,exchange-specific title intent
Exchange Reviews,WOOFi Review: Powerful And Reputable DEX Built On BSC,https://coincu.com/woofi-powerful-reputable-dex/,publish,2023-10-21 16:00:26,Other Reviews,Exchange Reviews,keep,Mixed Reviews Archive,1,exchange-specific title intent
Exchange Reviews,Xcoins Review: Buy Bitcoin Instantly?,https://coincu.com/xcoins-review-buy-bitcoin-instantly/,publish,2023-04-28 07:13:08,Exchange Reviews,Exchange Reviews,keep,Exchange Reviews,1,explicit exchange category
Exchange Reviews,xExchange Review: Maiar DEX 2.0 Now Reborns With Novel Features For 2024,https://coincu.com/xexchange-review-maiar-dex-2-0-reborns/,publish,2023-10-21 16:02:10,Other Reviews,Exchange Reviews,keep,Mixed Reviews Archive,1,exchange-specific title intent
Exchange Reviews,XS Review – A Comprehensive Overview of the Popular Online Broker,https://coincu.com/xs-review-a-comprehensive-overview-of-the-popular-online-broker/,publish,2024-08-07 09:04:25,Other Reviews,Exchange Reviews,keep,Mixed Reviews Archive,1,exchange-specific title intent
Exchange Reviews,XT.com Review: Reputable Cryptocurrency Exchange You Should Try,https://coincu.com/xtcom-reputable-cryptocurrency-exchange/,publish,2023-10-21 14:54:19,Other Reviews,Exchange Reviews,keep,Mixed Reviews Archive,1,exchange-specific title intent
Exchange Reviews,Zaif Reviews: Cryptocurrency Historical Data?,https://coincu.com/zaif-reviews-cryptocurrency-historical-data/,publish,2023-02-21 09:17:10,Exchange Reviews,Exchange Reviews,keep,Exchange Reviews,1,explicit exchange category
Exchange Reviews,"ZebPay Review: Buy, Sell &amp; Trade Cryptocurrencies",https://coincu.com/zebpay-review-buy-sell-trade-crypto/,publish,2023-04-19 06:36:17,Exchange Reviews,Exchange Reviews,keep,Exchange Reviews,1,explicit exchange category
Exchange Reviews,ZKSwap Review: High Throughput Swap No Gas Fees With zkRollup Technology,https://coincu.com/zkswap-review/,publish,2023-08-12 06:35:13,Other Reviews,Exchange Reviews,keep,Mixed Reviews Archive,1,exchange-specific title intent
Exchange Reviews,Zyberswap Review: Decentralized Exchange Safe and Legit?,https://coincu.com/zyberswap-review-decentralized-exchange/,publish,2023-03-15 16:01:05,Exchange Reviews,Exchange Reviews,keep,Exchange Reviews,1,explicit exchange category
Protocol Reviews,"Aave Reviews: Earn Interest, Borrow Assets, And Build Applications?",https://coincu.com/aave-reviews-earn-interest-borrow-assets/,publish,2023-02-18 04:57:37,Other Reviews,Protocol / Ecosystem Reviews,keep,Mixed Reviews Archive,1,protocol/ecosystem review intent
Protocol Reviews,"AGII Review: AI Platform, Products &amp; Tools For Web3",https://coincu.com/agii-review-ai-platform-products-tool-for-web3/,publish,2023-12-18 03:31:19,Other Reviews,Protocol / Ecosystem Reviews,keep,Mixed Reviews Archive,1,protocol/ecosystem review intent
Protocol Reviews,Agility Protocol Review: Potential Platform To Solve LSD Liquidity Challenge,https://coincu.com/agility-protocol-review-potential-platform/,publish,2023-08-02 12:40:06,Other Reviews,Protocol / Ecosystem Reviews,keep,Mixed Reviews Archive,1,protocol/ecosystem review intent
Protocol Reviews,Agility Review: Flexible ETH Staking Platform After Shanghai Upgrade,https://coincu.com/agility-flexible-eth-staking-platform/,publish,2023-05-13 07:45:24,Other Reviews,Protocol / Ecosystem Reviews,keep,Mixed Reviews Archive,1,protocol/ecosystem review intent
Protocol Reviews,Alchemix Review: Pioneering A Revolution In DeFi With Multi-Chain Stability,https://coincu.com/alchemix-review/,publish,2023-07-25 06:00:17,Other Reviews,Protocol / Ecosystem Reviews,keep,Mixed Reviews Archive,1,protocol/ecosystem review intent
Protocol Reviews,Aleo Review: Top Blockchain Projects Applying ZKP Technology Are Expected,https://coincu.com/aleo-top-blockchain-zkp-technology/,publish,2023-10-22 07:05:03,Other Reviews,Protocol / Ecosystem Reviews,keep,Mixed Reviews Archive,1,protocol/ecosystem review intent
Protocol Reviews,Alpha Radar AI Review: The ultimate web 3.0 AI-expert for everyone,https://coincu.com/alpha-radar-ai-review-the-ultimate-web-3-0-ai/,publish,2024-02-28 08:21:33,Other Reviews,Protocol / Ecosystem Reviews,keep,Mixed Reviews Archive,1,protocol/ecosystem review intent
Protocol Reviews,AltLayer Review: The Remarkable Protocol Supports Rollup Infrastructure,https://coincu.com/altlayer-review-remarkable-protocol/,publish,2024-01-25 16:10:51,Other Reviews,Protocol / Ecosystem Reviews,keep,Mixed Reviews Archive,1,protocol/ecosystem review intent
Protocol Reviews,ApolloX Reviews: Game-Changer or Scam?,https://coincu.com/apollox-reviews-game-changer-or-scam/,publish,2023-03-12 08:11:40,DeFi Reviews,Protocol / Ecosystem Reviews,keep,Protocol / DeFi Reviews,1,explicit DeFi/protocol category
Protocol Reviews,Asymetrix Protocol Review: Asymmetric Profit Distribution Protocol Via Staking,https://coincu.com/asymetrix-asymmetric-profit-distribution-staking/,publish,2023-07-24 10:01:59,Other Reviews,Protocol / Ecosystem Reviews,keep,Mixed Reviews Archive,1,protocol/ecosystem review intent
Protocol Reviews,Aura Finance Review: LSD Protocol Has Great Potential But Is Forgotten,https://coincu.com/aura-finance-review/,publish,2023-03-13 08:52:51,Other Reviews,Protocol / Ecosystem Reviews,keep,Mixed Reviews Archive,1,protocol/ecosystem review intent
Protocol Reviews,Avail Review: Flexible Modular Blockchain Platform With Outstanding Features,https://coincu.com/avail-review-flexible-modular-blockchain/,publish,2024-02-08 07:30:09,Other Reviews,Protocol / Ecosystem Reviews,keep,Mixed Reviews Archive,1,protocol/ecosystem review intent
Protocol Reviews,Babylon Review: Leading Bitcoin Staking Solution,https://coincu.com/babylon-review-leading-bitcoin-staking-solution/,publish,2024-06-18 08:17:23,Other Reviews,Protocol / Ecosystem Reviews,keep,Mixed Reviews Archive,1,protocol/ecosystem review intent
Protocol Reviews,Balancer Review: Advanced Platform To Create Asset Liquidity,https://coincu.com/balancer-review-advanced-platform-to-create-asset-liquidity/,publish,2023-03-15 16:11:07,DeFi Reviews,Protocol / Ecosystem Reviews,keep,Protocol / DeFi Reviews,1,explicit DeFi/protocol category
Protocol Reviews,"Bancor Network Review: Big Step In DeFi, Providing Liquidity By Smart Contract",https://coincu.com/bancor-network-review/,publish,2023-03-19 02:15:07,DeFi Reviews,Protocol / Ecosystem Reviews,keep,Protocol / DeFi Reviews,1,explicit DeFi/protocol category
Protocol Reviews,Best crypto staking Platform-CryptoHeap Review,https://coincu.com/best-crypto-staking-platform-cryptoheap-review/,publish,2024-06-09 07:14:57,Other Reviews,Protocol / Ecosystem Reviews,keep,Mixed Reviews Archive,1,protocol/ecosystem review intent
Protocol Reviews,Biswap Review: Transactions With Attractive Fees,https://coincu.com/biswap-review/,publish,2023-03-18 05:33:30,DeFi Reviews,Protocol / Ecosystem Reviews,keep,Protocol / DeFi Reviews,1,explicit DeFi/protocol category
Protocol Reviews,Blast Review: The First Layer 2 Native Yield Project,https://coincu.com/blast-review-the-first-layer-2-native-yield/,publish,2024-05-07 14:18:50,Other Reviews,Protocol / Ecosystem Reviews,keep,Mixed Reviews Archive,1,protocol/ecosystem review intent
Protocol Reviews,BlockMesh Network Review: Transforming Unused Bandwidth into Passive Income,https://coincu.com/blockmesh-network-review-transforming-unused/,publish,2024-12-19 13:35:33,Other Reviews,Protocol / Ecosystem Reviews,keep,Mixed Reviews Archive,1,protocol/ecosystem review intent
Protocol Reviews,Blox Finance Review: Unique Rewards And Incentives For DeFi Users,https://coincu.com/blox-finance-on-arbitrum-public-pre-sale/,publish,2023-10-21 15:21:19,Other Reviews,Protocol / Ecosystem Reviews,keep,Mixed Reviews Archive,1,protocol/ecosystem review intent
Protocol Reviews,Botanix Review: Layer 2 EVM on Bitcoin,https://coincu.com/botanix-review-layer-2-evm-on-bitcoin/,publish,2024-08-25 09:37:19,Other Reviews,Protocol / Ecosystem Reviews,keep,Mixed Reviews Archive,1,protocol/ecosystem review intent
Protocol Reviews,BracketX Review: Derivatives Platform Friendly To Web3 Users,https://coincu.com/bracketx-review/,publish,2024-02-13 06:49:52,Other Reviews,Protocol / Ecosystem Reviews,keep,Mixed Reviews Archive,1,protocol/ecosystem review intent
Protocol Reviews,Bridge Mutual Review: Great Insurance Platform for DeFi,https://coincu.com/bridge-mutual-review/,publish,2023-10-17 17:51:28,Other Reviews,Protocol / Ecosystem Reviews,keep,Mixed Reviews Archive,1,protocol/ecosystem review intent
Protocol Reviews,Camelot Review: DeFi Project On Arbitrum Needs More Breakthrough,https://coincu.com/camelot-review/,publish,2023-03-26 10:02:30,DeFi Reviews,Protocol / Ecosystem Reviews,keep,Protocol / DeFi Reviews,1,explicit DeFi/protocol category
Protocol Reviews,Canto Network Review: Layer-1 Based On Cosmos SDK Promises New Future For Defi,https://coincu.com/canto-network-new-future-for-defi/,publish,2023-06-14 02:53:27,Other Reviews,Protocol / Ecosystem Reviews,keep,Mixed Reviews Archive,1,protocol/ecosystem review intent
Protocol Reviews,CARV Review: Data Infrastructure project for Gaming and AI,https://coincu.com/carv-review-data-infrastructure-for-game-and-ai/,publish,2024-06-18 09:39:53,Other Reviews,Protocol / Ecosystem Reviews,keep,Mixed Reviews Archive,1,protocol/ecosystem review intent
Protocol Reviews,Celestia Review: Pioneering Modular Blockchain Project To Extend Web3,https://coincu.com/celestia-modular-blockchain-extend-web3/,publish,2023-06-17 08:47:07,Other Reviews,Protocol / Ecosystem Reviews,keep,Mixed Reviews Archive,1,protocol/ecosystem review intent
Protocol Reviews,Centrifuge Review: The First Project to Bring Real World Assets to Blockchain,https://coincu.com/centrifuge-review/,publish,2023-12-08 20:27:29,Other Reviews,Protocol / Ecosystem Reviews,keep,Mixed Reviews Archive,1,protocol/ecosystem review intent
Protocol Reviews,CertiK Review: The Top Blockchain Security Platform Today,https://coincu.com/certik-review/,publish,2023-07-01 12:10:20,Other Reviews,Protocol / Ecosystem Reviews,keep,Mixed Reviews Archive,1,protocol/ecosystem review intent
Protocol Reviews,Cetus Review: Uniswap V3 And Trader Joe's Advanced Matching Protocol,https://coincu.com/cetus-review/,publish,2025-05-22 23:00:00,Other Reviews,Protocol / Ecosystem Reviews,keep,Mixed Reviews Archive,1,protocol/ecosystem review intent
Protocol Reviews,Chainhop Review: Powerful Liquidity Aggregation Protocol With Seamless Experience,https://coincu.com/chainhop-liquidity-aggregation-seamless/,publish,2023-10-22 07:06:21,Other Reviews,Protocol / Ecosystem Reviews,keep,Mixed Reviews Archive,1,protocol/ecosystem review intent
Protocol Reviews,Chronos Review: Exploring The Ultimate Arbitrum Liquidity Solution,https://coincu.com/chronos-arbitrum-based-dex/,publish,2023-10-22 06:50:58,Other Reviews,Protocol / Ecosystem Reviews,keep,Mixed Reviews Archive,1,protocol/ecosystem review intent
Protocol Reviews,Convex Finance Review: DeFi Platform During The Explode Of Curve Wars,https://coincu.com/convex-finance-review/,publish,2023-07-02 09:59:59,Other Reviews,Protocol / Ecosystem Reviews,keep,Mixed Reviews Archive,1,protocol/ecosystem review intent
Protocol Reviews,Curve Finance Review: The Pros and Cons Every Crypto Investor Must Know,https://coincu.com/curve-finance-review-the-pros-and-cons/,publish,2023-03-11 10:02:45,Other Reviews,Protocol / Ecosystem Reviews,keep,Mixed Reviews Archive,1,protocol/ecosystem review intent
Protocol Reviews,DAWN Review: DePIN Project Raises Huge Funds on Solana Ecosystem,https://coincu.com/dawn-review-depin-project-raises-huge-funds/,publish,2024-08-24 07:05:25,Other Reviews,Protocol / Ecosystem Reviews,keep,Mixed Reviews Archive,1,protocol/ecosystem review intent
Protocol Reviews,DFlow Protocol Review: Protocol Helps Stabilize Liquidity on Solana,https://coincu.com/dflow-protocol-review-stabilize-liquidity-on-sol/,publish,2024-05-16 08:48:20,DeFi Reviews,Protocol / Ecosystem Reviews,keep,Protocol / DeFi Reviews,1,explicit DeFi/protocol category
Protocol Reviews,Dmail Network Review: Web3 Platform Helps Users Enhance Security,https://coincu.com/dmail-network-review/,publish,2023-08-16 05:28:14,Other Reviews,Protocol / Ecosystem Reviews,keep,Mixed Reviews Archive,1,protocol/ecosystem review intent
Protocol Reviews,DODO Review: Big Step In DeFi To Help Investors Optimize Assets,https://coincu.com/dodo-review/,publish,2023-03-14 09:56:02,Other Reviews,Protocol / Ecosystem Reviews,keep,Mixed Reviews Archive,1,protocol/ecosystem review intent
Protocol Reviews,Dusk Network Review: Blockchain for Security Tokens Shouldn't Be Missed,https://coincu.com/dusk-network-blockchain-for-security-tokens/,publish,2023-03-13 09:37:42,Other Reviews,Protocol / Ecosystem Reviews,keep,Mixed Reviews Archive,1,protocol/ecosystem review intent
Protocol Reviews,Dymension Review: Layer 1 Blockchain Promotes Interaction With Cosmos,https://coincu.com/dymension-review-layer-1-blockchain/,publish,2024-02-08 07:30:19,Other Reviews,Protocol / Ecosystem Reviews,keep,Mixed Reviews Archive,1,protocol/ecosystem review intent
Protocol Reviews,EigenLayer Review: The First Restaking Protocol To Earn Profits And Secure Ethereum,https://coincu.com/eigenlayer-review-the-first-restaking-ethereum/,publish,2023-10-22 06:33:57,Other Reviews,Protocol / Ecosystem Reviews,keep,Mixed Reviews Archive,1,protocol/ecosystem review intent
Protocol Reviews,Entangle Review: Profit Optimizer For Liquid Staking Tokens,https://coincu.com/entangle-profit-liquid-staking-tokens/,publish,2023-06-05 08:55:06,Other Reviews,Protocol / Ecosystem Reviews,keep,Mixed Reviews Archive,1,protocol/ecosystem review intent
Protocol Reviews,Equalizer Review: The First Dedicated Platform For Flash Lending,https://coincu.com/equalizer-review/,publish,2023-03-19 09:27:38,Other Reviews,Protocol / Ecosystem Reviews,keep,Mixed Reviews Archive,1,protocol/ecosystem review intent
Protocol Reviews,EraLend Review: The Largest Lending Protocol On zkSync Maximizing Profits,https://coincu.com/eralend-review/,publish,2023-08-05 06:31:36,Other Reviews,Protocol / Ecosystem Reviews,keep,Mixed Reviews Archive,1,protocol/ecosystem review intent
Protocol Reviews,EraPAD Review: Interesting Launchpad Integration Project On zkSync Era,https://coincu.com/erapad-review/,publish,2023-08-05 06:31:44,Other Reviews,Protocol / Ecosystem Reviews,keep,Mixed Reviews Archive,1,protocol/ecosystem review intent
Protocol Reviews,Espresso Review: Leveraging ZK-Rollup Technology To Support Web3 Platforms,https://coincu.com/espresso-review/,publish,2023-08-12 06:39:47,Other Reviews,Protocol / Ecosystem Reviews,keep,Mixed Reviews Archive,1,protocol/ecosystem review intent
Protocol Reviews,ether.fi Review: What Makes The 49th Listing Project On Binance Launchpool Unique?,https://coincu.com/ether-fi-review-49th-project-binance-launchpool/,publish,2024-03-26 06:18:11,DeFi Reviews,Protocol / Ecosystem Reviews,keep,Protocol / DeFi Reviews,1,explicit DeFi/protocol category
Protocol Reviews,EVAA Protocol Review: Outstanding Lending Platform on TON,https://coincu.com/evaa-protocol-review/,publish,2024-10-17 15:03:50,Other Reviews,Protocol / Ecosystem Reviews,keep,Mixed Reviews Archive,1,protocol/ecosystem review intent
Protocol Reviews,Flare Network Review: Blockchain Using EVM With Breakthrough Potential,https://coincu.com/flare-network-blockchain-using-evm/,publish,2023-10-21 13:33:01,Other Reviews,Protocol / Ecosystem Reviews,keep,Mixed Reviews Archive,1,protocol/ecosystem review intent
Protocol Reviews,Frax Finance Review: Project To Eliminate Weaknesses of Algorithmic Stablecoins,https://coincu.com/frax-finance-review/,publish,2023-07-02 16:25:27,Other Reviews,Protocol / Ecosystem Reviews,keep,Mixed Reviews Archive,1,protocol/ecosystem review intent
Protocol Reviews,Fusionist Review: Blockchain Supports Web3 Game,https://coincu.com/fusionist-review/,publish,2024-02-12 07:39:17,Other Reviews,Protocol / Ecosystem Reviews,keep,Mixed Reviews Archive,1,protocol/ecosystem review intent
Protocol Reviews,Gains Network Review: Top Attractive DeFi Project On Arbitrum,https://coincu.com/gains-network-review/,publish,2023-03-23 20:21:20,Other Reviews,Protocol / Ecosystem Reviews,keep,Mixed Reviews Archive,1,protocol/ecosystem review intent
Protocol Reviews,gmAI Review: Solution to Increase Efficiency for Solana,https://coincu.com/gmai-review-solution-for-solana/,publish,2024-10-02 17:38:00,Other Reviews,Protocol / Ecosystem Reviews,keep,Mixed Reviews Archive,1,protocol/ecosystem review intent
Protocol Reviews,GMX Review: Powerful Perpetual Trading Platform On Arbitrum,https://coincu.com/gmx-review/,publish,2023-03-22 19:57:32,DeFi Reviews,Protocol / Ecosystem Reviews,keep,Protocol / DeFi Reviews,1,explicit DeFi/protocol category
Protocol Reviews,Gradient Network Review: A New Era of Decentralized Compute on Solana,https://coincu.com/gradient-network-review-a-decentralized-compute/,publish,2024-10-24 06:35:11,Other Reviews,Protocol / Ecosystem Reviews,keep,Mixed Reviews Archive,1,protocol/ecosystem review intent
Protocol Reviews,Grass Review: Earn Passive Income by Sharing Unused Bandwidth,https://coincu.com/grass-review-earn-by-sharing-unused-bandwidth/,publish,2025-05-30 03:22:11,Other Reviews,Protocol / Ecosystem Reviews,keep,Mixed Reviews Archive,1,protocol/ecosystem review intent
Protocol Reviews,Gravita Review: Redefining DeFi Lending With Transparency And Empowerment,https://coincu.com/gravita-review/,publish,2023-07-25 07:19:07,Other Reviews,Protocol / Ecosystem Reviews,keep,Mixed Reviews Archive,1,protocol/ecosystem review intent
Protocol Reviews,GUNZ Review: Web3 Gaming Ecosystem with Blockchain Integration,https://coincu.com/gunz-review-web3-gaming-ecosystem/,publish,2025-03-31 07:13:23,Other Reviews,Protocol / Ecosystem Reviews,keep,Mixed Reviews Archive,1,protocol/ecosystem review intent
Protocol Reviews,Hermes Review: The Future Of Low-Cost Swaps And Unique Gauge System,https://coincu.com/hermes-review-low-cost-unique-gauge-system/,publish,2023-10-22 07:16:18,Other Reviews,Protocol / Ecosystem Reviews,keep,Mixed Reviews Archive,1,protocol/ecosystem review intent
Protocol Reviews,Holograph Review: Unique Digital Asset Connection Platform,https://coincu.com/holograph-review/,publish,2023-08-22 09:24:50,Other Reviews,Protocol / Ecosystem Reviews,keep,Mixed Reviews Archive,1,protocol/ecosystem review intent
Protocol Reviews,"Horizen Review: Powerful, Secure Zero-Knowledge Blockchains Network",https://coincu.com/horizen-zero-knowledge-blockchains-network/,publish,2023-04-08 08:55:56,Other Reviews,Protocol / Ecosystem Reviews,keep,Mixed Reviews Archive,1,protocol/ecosystem review intent
Protocol Reviews,Hyperliquid Review: Derivative DEX operating on Self-Developed Layer 1,https://coincu.com/hyperliquid-review-derivative-dex-on-self-l1/,publish,2025-02-20 11:27:00,DeFi Reviews,Protocol / Ecosystem Reviews,keep,Protocol / DeFi Reviews,1,explicit DeFi/protocol category
Protocol Reviews,Initia Review: Blockchain combines Layer 1 and Layer 2,https://coincu.com/initia-review-blockchain-combines-l1-and-l2/,publish,2024-06-18 09:38:31,Other Reviews,Protocol / Ecosystem Reviews,keep,Mixed Reviews Archive,1,protocol/ecosystem review intent
Protocol Reviews,io.net Review: Notable DePIN Project In The Solana Ecosystem,https://coincu.com/ionet-review-notable-depin-project-in-the-sol/,publish,2024-04-26 16:43:29,Other Reviews,Protocol / Ecosystem Reviews,keep,Mixed Reviews Archive,1,protocol/ecosystem review intent
Protocol Reviews,iZUMi Finance Review: DeFi Project Provides Effective Multi-Chain Liquidity Service,https://coincu.com/izumi-finance-effective-multi-chain-liquidity/,publish,2023-08-09 01:19:02,Other Reviews,Protocol / Ecosystem Reviews,keep,Mixed Reviews Archive,1,protocol/ecosystem review intent
Protocol Reviews,iZUMi Finance Review: Liquidity Support Solution On Uniswap v3,https://coincu.com/izumi-finance-review/,publish,2023-06-03 09:43:58,Other Reviews,Protocol / Ecosystem Reviews,keep,Mixed Reviews Archive,1,protocol/ecosystem review intent
Protocol Reviews,Jito Review: Emerging Liquid Staking Protocol With Outstanding Features On Solana,https://coincu.com/jito-review/,publish,2024-02-10 03:49:30,Other Reviews,Protocol / Ecosystem Reviews,keep,Mixed Reviews Archive,1,protocol/ecosystem review intent
Protocol Reviews,Jones DAO Review: Powerful DeFi Platform Helps Optimize Profits On Arbitrum,https://coincu.com/jones-dao-review/,publish,2023-03-25 10:24:54,DeFi Reviews,Protocol / Ecosystem Reviews,keep,Protocol / DeFi Reviews,1,explicit DeFi/protocol category
Protocol Reviews,JPEG’d Review: The Best Decentralized Lending Protocol For NFT Holders In 2024,https://coincu.com/jpegd-review-the-best-decentralized-lending/,publish,2023-10-22 07:21:57,Other Reviews,Protocol / Ecosystem Reviews,keep,Mixed Reviews Archive,1,protocol/ecosystem review intent
Protocol Reviews,Jupiter Review: What's Solana's Best Liquidity Tool?,https://coincu.com/jupiter-review-solanas-best-liquidity-tool/,publish,2023-10-21 15:45:37,Other Reviews,Protocol / Ecosystem Reviews,keep,Mixed Reviews Archive,1,protocol/ecosystem review intent
Protocol Reviews,JustLend Review: Remarkable Lending Platform With Large Ecosystem,https://coincu.com/justlend-review/,publish,2023-07-02 08:20:53,Other Reviews,Protocol / Ecosystem Reviews,keep,Mixed Reviews Archive,1,protocol/ecosystem review intent
Protocol Reviews,Kamino Finance Review: The DeFi Platform Provides A Range of Products on Solana,https://coincu.com/kamino-finance-review-defi-platform-on-sol/,publish,2024-05-02 08:49:23,DeFi Reviews,Protocol / Ecosystem Reviews,keep,Protocol / DeFi Reviews,1,explicit DeFi/protocol category
Protocol Reviews,KiloEx Review: Perpetual Trading Platform With Innovative Features,https://coincu.com/kiloex-review/,publish,2024-02-14 16:24:49,Other Reviews,Protocol / Ecosystem Reviews,keep,Mixed Reviews Archive,1,protocol/ecosystem review intent
Protocol Reviews,Kine Protocol Review: Derivatives Trading Made Easy With 200x Leverage,https://coincu.com/kine-protocol-review-derivatives-200x-lev/,publish,2023-10-21 14:38:59,Other Reviews,Protocol / Ecosystem Reviews,keep,Mixed Reviews Archive,1,protocol/ecosystem review intent
Protocol Reviews,"Kinza Finance Review: Breakthrough Lending Platform With Model ve(3,3)",https://coincu.com/kinza-finance-review/,publish,2024-02-14 08:04:29,Other Reviews,Protocol / Ecosystem Reviews,keep,Mixed Reviews Archive,1,protocol/ecosystem review intent
Protocol Reviews,Kyber Network Review: Boost Liquidity In DeFi With Powerful Tools,https://coincu.com/kyber-network-review/,publish,2023-03-13 18:32:33,DeFi Reviews,Protocol / Ecosystem Reviews,keep,Protocol / DeFi Reviews,1,explicit DeFi/protocol category
Protocol Reviews,Lens Protocol V2 Review: Improvements For The Better Protocol,https://coincu.com/lens-protocol-v2-review/,publish,2023-08-15 15:08:19,Other Reviews,Protocol / Ecosystem Reviews,keep,Mixed Reviews Archive,1,protocol/ecosystem review intent
Protocol Reviews,Lido Review: Popular ETH Staking Platform with Highest Interests,https://coincu.com/lido-eth-staking-platform-highest-interests/,publish,2023-10-21 14:33:39,Other Reviews,Protocol / Ecosystem Reviews,keep,Mixed Reviews Archive,1,protocol/ecosystem review intent
Protocol Reviews,Linea Review: zkEVM Developed By ConsenSys What's Outstanding,https://coincu.com/linea-zkevm-developed-by-consensys/,publish,2023-10-21 15:38:04,Other Reviews,Protocol / Ecosystem Reviews,keep,Mixed Reviews Archive,1,protocol/ecosystem review intent
Protocol Reviews,Lista DAO Review: Liquid Staking Protocol on BNB Chain,https://coincu.com/lista-dao-review-liquid-staking-protocol-on-bnb/,publish,2024-08-22 15:26:41,DeFi Reviews,Protocol / Ecosystem Reviews,keep,Protocol / DeFi Reviews,1,explicit DeFi/protocol category
Protocol Reviews,"Loopring Review: Unlocking The Benefits Of Loopring, 2024 Comprehensive Review",https://coincu.com/loopring-review-the-benefits-of-loopring/,publish,2023-10-21 14:45:00,Other Reviews,Protocol / Ecosystem Reviews,keep,Mixed Reviews Archive,1,protocol/ecosystem review intent
Protocol Reviews,"Lybra Finance Review: Earn Stable Income With APY About 7,2% From Staking",https://coincu.com/lybra-finance-earn-income-from-staking/,publish,2023-10-21 13:22:34,Other Reviews,Protocol / Ecosystem Reviews,keep,Mixed Reviews Archive,1,protocol/ecosystem review intent
Protocol Reviews,Lyra Finance Review: The Top Complete Options Trading Protocol On Ethereum,https://coincu.com/lyra-finance-review-options-trading-protocol/,publish,2023-08-07 07:05:49,Other Reviews,Protocol / Ecosystem Reviews,keep,Mixed Reviews Archive,1,protocol/ecosystem review intent
Protocol Reviews,MakerDAO Review: One Of The Most Powerful DeFi Platforms Currently,https://coincu.com/makerdao-review/,publish,2023-07-02 06:00:26,Other Reviews,Protocol / Ecosystem Reviews,keep,Mixed Reviews Archive,1,protocol/ecosystem review intent
Protocol Reviews,Manta Network Review: Layer 1 Perfect For Security And Privacy,https://coincu.com/manta-network-review/,publish,2023-05-27 17:53:46,Other Reviews,Protocol / Ecosystem Reviews,keep,Mixed Reviews Archive,1,protocol/ecosystem review intent
Protocol Reviews,Marginfi Review: Solana's Unique Asset Diversification Lending Platform,https://coincu.com/marginfi-review/,publish,2024-02-09 04:06:27,Other Reviews,Protocol / Ecosystem Reviews,keep,Mixed Reviews Archive,1,protocol/ecosystem review intent
Protocol Reviews,MegaETH Review: Layer 2 Invested by Vitalik Buterin,https://coincu.com/megaeth-review-l2-invested-by-vitalik-buterin/,publish,2024-08-22 15:30:11,Other Reviews,Protocol / Ecosystem Reviews,keep,Mixed Reviews Archive,1,protocol/ecosystem review intent
Protocol Reviews,Mind Network Review: Leading Privacy And Data Security Platform On Web3,https://coincu.com/mind-network-leading-privacy-data-security-web3/,publish,2023-06-30 07:33:20,Other Reviews,Protocol / Ecosystem Reviews,keep,Mixed Reviews Archive,1,protocol/ecosystem review intent
Protocol Reviews,Morpho Protocol Review: The Largest Lending Protocol Fundraise Ever,https://coincu.com/morpho-protocol-review-largest-lending-fundraise/,publish,2024-08-20 16:10:39,DeFi Reviews,Protocol / Ecosystem Reviews,keep,Protocol / DeFi Reviews,1,explicit DeFi/protocol category
Protocol Reviews,Mute.io Review: Outstanding Liquidity Hub For All Protocols Built On zkSync,https://coincu.com/muteio-liquidity-hub-all-protocols-zksync/,publish,2023-07-26 05:46:17,Other Reviews,Protocol / Ecosystem Reviews,keep,Mixed Reviews Archive,1,protocol/ecosystem review intent
Protocol Reviews,Nexus Mutual Review: Best Smart Contract Protection Product In Defi Insurance,https://coincu.com/nexus-mutual-best-protection-defi-insurance/,publish,2023-05-31 07:47:08,Other Reviews,Protocol / Ecosystem Reviews,keep,Mixed Reviews Archive,1,protocol/ecosystem review intent
Protocol Reviews,Nomiswap Review: Worth-Try Trading Platform With Cheap Transaction Fees,https://coincu.com/nomiswap-review-worth-try-trading-platform/,publish,2023-03-22 10:14:03,DeFi Reviews,Protocol / Ecosystem Reviews,keep,Protocol / DeFi Reviews,1,explicit DeFi/protocol category
Protocol Reviews,Nubit Review: Data Availability Layer based on Bitcoin,https://coincu.com/nubit-review-data-availability-based-on-bitcoin/,publish,2024-08-25 09:37:18,Other Reviews,Protocol / Ecosystem Reviews,keep,Mixed Reviews Archive,1,protocol/ecosystem review intent
Protocol Reviews,opBNB Review: The First Layer 2 Of BNB Chain,https://coincu.com/opbnb-review-the-first-layer-2-of-bnb-chain/,publish,2023-10-04 05:16:52,Other Reviews,Protocol / Ecosystem Reviews,keep,Mixed Reviews Archive,1,protocol/ecosystem review intent
Protocol Reviews,OpenOcean Review: DEX Aggregator With Powerful Special Features,https://coincu.com/openocean-review-dex-aggregator/,publish,2023-03-18 17:32:43,DeFi Reviews,Protocol / Ecosystem Reviews,keep,Protocol / DeFi Reviews,1,explicit DeFi/protocol category
Protocol Reviews,Orca Review: Easy To Use DEX Has The Simplest Design In DeFi,https://coincu.com/orca-review-easy-to-use-dex/,publish,2023-03-18 17:56:09,DeFi Reviews,Protocol / Ecosystem Reviews,keep,Protocol / DeFi Reviews,1,explicit DeFi/protocol category
Protocol Reviews,Origin Defi Review: Introducing A Prominent Protocol In LSDFi Trends With High Profits,https://coincu.com/origin-defi-prominent-lsdfi-trends-high-profits/,publish,2023-10-22 06:58:30,Other Reviews,Protocol / Ecosystem Reviews,keep,Mixed Reviews Archive,1,protocol/ecosystem review intent
Protocol Reviews,PancakeSwap V2 Review: Big Move For AMM Platform,https://coincu.com/pancakeswap-v2-review/,publish,2023-03-08 14:42:55,DeFi Reviews,Protocol / Ecosystem Reviews,keep,Protocol / DeFi Reviews,1,explicit DeFi/protocol category
Protocol Reviews,Panoptic Review: Permissionless Options Trading For Any Asset On Uniswap V3,https://coincu.com/panoptic-permissionless-options-uniswap-v3/,publish,2023-06-20 07:52:53,Other Reviews,Protocol / Ecosystem Reviews,keep,Mixed Reviews Archive,1,protocol/ecosystem review intent
Protocol Reviews,Pear Protocol Review: New Pairs Trading Platform On Layer 2 Arbitrum,https://coincu.com/pear-protocol-pairs-trading-arbitrum/,publish,2023-04-23 00:38:03,Other Reviews,Protocol / Ecosystem Reviews,keep,Mixed Reviews Archive,1,protocol/ecosystem review intent
Protocol Reviews,Pencils Protocol Review: Hub of the DeFi Ecosystem on Scroll,https://coincu.com/pencils-protocol-review-hub-of-scroll-ecosystem/,publish,2024-08-22 15:28:22,DeFi Reviews,Protocol / Ecosystem Reviews,keep,Protocol / DeFi Reviews,1,explicit DeFi/protocol category
Protocol Reviews,Perpetual Protocol Review: Does It Have Future?,https://coincu.com/perpetual-protocol-review-it-have-future/,publish,2023-03-05 05:44:40,Other Reviews,Protocol / Ecosystem Reviews,keep,Mixed Reviews Archive,1,protocol/ecosystem review intent
Protocol Reviews,Pika Protocol Reviews: Trade Crypto And Forex With Up To 200x Leverage?,https://coincu.com/pika-protocol-reviews-trade-crypto-and-forex/,publish,2023-07-24 08:47:01,Other Reviews,Protocol / Ecosystem Reviews,keep,Mixed Reviews Archive,1,protocol/ecosystem review intent
Protocol Reviews,PlutusDAO Review: Profit Optimization DeFi Project On Arbitrum,https://coincu.com/plutusdao-review/,publish,2023-03-28 03:01:18,DeFi Reviews,Protocol / Ecosystem Reviews,keep,Protocol / DeFi Reviews,1,explicit DeFi/protocol category
Protocol Reviews,Polygon Review: Top 1 Ethereum's Layer 2 Project,https://coincu.com/polygon-review/,publish,2023-03-21 18:43:41,Other Reviews,Protocol / Ecosystem Reviews,keep,Mixed Reviews Archive,1,protocol/ecosystem review intent
Protocol Reviews,Puffer Finance Review: Liquid Restaking Protocol Is Invested By Binance Labs,https://coincu.com/puffer-finance-review-restaking-protocol/,publish,2024-04-03 04:54:41,DeFi Reviews,Protocol / Ecosystem Reviews,keep,Protocol / DeFi Reviews,1,explicit DeFi/protocol category
Protocol Reviews,Quai Network Review: Provides An Innovative And Scalable Multi-chain Solution With PoW 2.0,https://coincu.com/quai-network-pow-2-0/,publish,2023-02-04 10:02:49,Other Reviews,Protocol / Ecosystem Reviews,keep,Mixed Reviews Archive,1,protocol/ecosystem review intent
Protocol Reviews,Raft Review: Steady Waters Of Stability And Profit DeFi,https://coincu.com/raft-review/,publish,2023-07-25 10:10:37,Other Reviews,Protocol / Ecosystem Reviews,keep,Mixed Reviews Archive,1,protocol/ecosystem review intent
Protocol Reviews,Raydium Review: The Best Liquidity And Spot Trading Features For Solana Ecosystem,https://coincu.com/raydium-review-the-best-liquidity/,publish,2023-03-09 05:24:12,DeFi Reviews,Protocol / Ecosystem Reviews,keep,Protocol / DeFi Reviews,1,explicit DeFi/protocol category
Protocol Reviews,Renzo Review: Binance Labs Backed Cross-chain Liquid Restaking Protocol,https://coincu.com/renzo-review-binance-labs-restaking-protocol/,publish,2024-04-22 13:48:35,DeFi Reviews,Protocol / Ecosystem Reviews,keep,Protocol / DeFi Reviews,1,explicit DeFi/protocol category
Protocol Reviews,Review Optimism - What is Optimism Layer 2?,https://coincu.com/what-is-optimism/,publish,2023-10-12 23:50:35,DeFi Reviews,Protocol / Ecosystem Reviews,keep,Protocol / DeFi Reviews,1,explicit DeFi/protocol category
Protocol Reviews,Rocket Pool Review: Top Secure ETH Staking Platform,https://coincu.com/rocket-pool-secure-eth-staking-platform/,publish,2023-10-21 15:06:06,Other Reviews,Protocol / Ecosystem Reviews,keep,Mixed Reviews Archive,1,protocol/ecosystem review intent
Protocol Reviews,Runes Protocol Review: New Solution To Issue Tokens On Bitcoin Network,https://coincu.com/runes-protocol-review-new-solution-on-bitcoin/,publish,2024-04-30 03:37:38,Other Reviews,Protocol / Ecosystem Reviews,keep,Mixed Reviews Archive,1,protocol/ecosystem review intent
Protocol Reviews,Saga Review: Layer 1 Blockchain Supports The Infrastructure To Build dApps,https://coincu.com/saga-review/,publish,2024-04-10 16:57:41,Other Reviews,Protocol / Ecosystem Reviews,keep,Mixed Reviews Archive,1,protocol/ecosystem review intent
Protocol Reviews,Sanctum Review: Notable Liquid Staking Project in the Solana ecosystem,https://coincu.com/sanctum-review-solana-liquid-staking-project/,publish,2024-05-14 04:29:44,DeFi Reviews,Protocol / Ecosystem Reviews,keep,Protocol / DeFi Reviews,1,explicit DeFi/protocol category
Protocol Reviews,Sei Network Review: Layer 1 Blockchain Breakthrough Technology,https://coincu.com/sei-network-review/,publish,2023-05-29 06:21:21,Other Reviews,Protocol / Ecosystem Reviews,keep,Mixed Reviews Archive,1,protocol/ecosystem review intent
Protocol Reviews,Sharky.fi Review: The Largest NFT Lending Platform on Solana,https://coincu.com/sharkyfi-review-sol-largest-nft-lending-platform/,publish,2024-05-06 13:43:06,DeFi Reviews,Protocol / Ecosystem Reviews,keep,Protocol / DeFi Reviews,1,explicit DeFi/protocol category
Protocol Reviews,Shell Protocol Review: Defi Platform With Powerful Features Built On Layer 2 Arbitrum,https://coincu.com/shell-protocol-powerful-features-built-arbitrum/,publish,2023-10-21 15:31:13,Other Reviews,Protocol / Ecosystem Reviews,keep,Mixed Reviews Archive,1,protocol/ecosystem review intent
Protocol Reviews,ShibaSwap Review: Attractive DEX Of Dogecoin Killer,https://coincu.com/shibaswap-review/,publish,2023-03-16 20:43:27,DeFi Reviews,Protocol / Ecosystem Reviews,keep,Protocol / DeFi Reviews,1,explicit DeFi/protocol category
Protocol Reviews,SolidLizard Review: Arbitrum-based Protocol To Easily Earn Some In 2024,https://coincu.com/solidlizard-review-arbitrum-based-protocol/,publish,2023-10-22 07:14:21,Other Reviews,Protocol / Ecosystem Reviews,keep,Mixed Reviews Archive,1,protocol/ecosystem review intent
Protocol Reviews,Solmash Review: Unique Launchpad Platform Supports Inscription On Solana,https://coincu.com/solmash-review/,publish,2024-02-10 03:49:15,Other Reviews,Protocol / Ecosystem Reviews,keep,Mixed Reviews Archive,1,protocol/ecosystem review intent
Protocol Reviews,Solv Protocol Review: The First DeFi Platform To Support Vouchers,https://coincu.com/solv-protocol-review/,publish,2023-08-22 09:20:48,Other Reviews,Protocol / Ecosystem Reviews,keep,Mixed Reviews Archive,1,protocol/ecosystem review intent
Protocol Reviews,Sonic Review: Next-Generation EVM Layer 1 Blockchain,https://coincu.com/sonic-review-next-generation-evm-layer-1/,publish,2024-12-24 15:43:00,Other Reviews,Protocol / Ecosystem Reviews,keep,Mixed Reviews Archive,1,protocol/ecosystem review intent
Protocol Reviews,SpaceFi Review: Popular DeFi Hub On The zkSync Era And Evmos,https://coincu.com/spacefi-defi-hub-on-the-zksync-era-and-evmos/,publish,2023-07-21 13:37:48,Other Reviews,Protocol / Ecosystem Reviews,keep,Mixed Reviews Archive,1,protocol/ecosystem review intent
Protocol Reviews,Spark Protocol Review: Opening A New Lending Era for MakerDAO,https://coincu.com/spark-protocol-review/,publish,2023-08-15 15:03:31,Other Reviews,Protocol / Ecosystem Reviews,keep,Mixed Reviews Archive,1,protocol/ecosystem review intent
Protocol Reviews,Stader Review: Puzzle Piece To Help Solve The Problem Related To Staking Demand,https://coincu.com/stader-review/,publish,2023-10-18 07:30:10,DeFi Reviews,Protocol / Ecosystem Reviews,keep,Protocol / DeFi Reviews,1,explicit DeFi/protocol category
Protocol Reviews,StakeStone Review: Omnichain Liquid Staking Solution,https://coincu.com/stakestone-review-omnichain-liquid-staking/,publish,2024-07-24 11:28:02,DeFi Reviews,Protocol / Ecosystem Reviews,keep,Protocol / DeFi Reviews,1,explicit DeFi/protocol category
Protocol Reviews,Stakewise Review: Unlocks The Earnings Potential Of ETH2 And Boosting The Staking APR,https://coincu.com/stakewise-unlocks-earnings-potential-eth2/,publish,2023-02-03 08:43:37,DeFi Reviews,Protocol / Ecosystem Reviews,keep,Protocol / DeFi Reviews,1,explicit DeFi/protocol category
Protocol Reviews,StarkNet Review: Stub Layer 2 Solution On Ethereum,https://coincu.com/starknet-review/,publish,2023-03-27 18:22:37,Other Reviews,Protocol / Ecosystem Reviews,keep,Mixed Reviews Archive,1,protocol/ecosystem review intent
Protocol Reviews,Steadefi Review: Highly Profitable Protocol That Investors Should Know,https://coincu.com/steadefi-review/,publish,2023-10-10 12:35:11,Other Reviews,Protocol / Ecosystem Reviews,keep,Mixed Reviews Archive,1,protocol/ecosystem review intent
Protocol Reviews,STON.fi Review: AMM DEX On The TON Blockchain,https://coincu.com/stonfi-review-amm-dex-on-ton-blockchain/,publish,2024-04-24 07:02:54,DeFi Reviews,Protocol / Ecosystem Reviews,keep,Protocol / DeFi Reviews,1,explicit DeFi/protocol category
Protocol Reviews,Sudoswap Review: First NFT Market With AMM On Ethereum,https://coincu.com/sudoswap-nft-market-with-amm-on-ethereum/,publish,2023-10-21 15:43:58,DeFi Reviews,Protocol / Ecosystem Reviews,keep,Protocol / DeFi Reviews,1,explicit DeFi/protocol category
Protocol Reviews,SushiSwap Review: The Best Choice To Swap Tokens,https://coincu.com/sushiswap-review/,publish,2023-03-08 20:52:30,DeFi Reviews,Protocol / Ecosystem Reviews,keep,Protocol / DeFi Reviews,1,explicit DeFi/protocol category
Protocol Reviews,Synthetix Review: DeFi Platform Is Now Attracting Users On Optimism,https://coincu.com/synthetix-review-defi-platform/,publish,2023-03-25 18:45:50,DeFi Reviews,Protocol / Ecosystem Reviews,keep,Protocol / DeFi Reviews,1,explicit DeFi/protocol category
Protocol Reviews,Taiko Review: Potential zkEVM Solution With High Compatibility,https://coincu.com/taiko-zkevm-solution-high-compatibility/,publish,2023-10-21 14:35:06,Other Reviews,Protocol / Ecosystem Reviews,keep,Mixed Reviews Archive,1,protocol/ecosystem review intent
Protocol Reviews,Tapioca DAO Review: An Omnichain Money Market Helps Users Extend Multi-Chain Exposure,https://coincu.com/tapioca-dao-review/,publish,2023-02-09 20:13:47,Other Reviews,Protocol / Ecosystem Reviews,keep,Mixed Reviews Archive,1,protocol/ecosystem review intent
Protocol Reviews,Tenet Protocol Review: The Next Explosive Project In The LSDFi Trend,https://coincu.com/tenet-protocol-explosive-in-the-lsdfi-trend/,publish,2023-07-01 10:05:15,Other Reviews,Protocol / Ecosystem Reviews,keep,Mixed Reviews Archive,1,protocol/ecosystem review intent
Protocol Reviews,The Open Network Review: The Most Potential Layer 1 Today,https://coincu.com/the-open-network-review/,publish,2024-10-12 13:22:12,Other Reviews,Protocol / Ecosystem Reviews,keep,Mixed Reviews Archive,1,protocol/ecosystem review intent
Protocol Reviews,The Open X Project Reviews: DeFi Protocol On Optimism!,https://coincu.com/the-open-x-project-reviews-defi-protocol/,publish,2023-08-23 03:45:21,DeFi Reviews,Protocol / Ecosystem Reviews,keep,Protocol / DeFi Reviews,1,explicit DeFi/protocol category
Protocol Reviews,Themis Protocol Review: Lending Platform Helps Metaverse Explode,https://coincu.com/themis-protocol-review-lending-platform/,publish,2023-07-01 16:57:59,Other Reviews,Protocol / Ecosystem Reviews,keep,Mixed Reviews Archive,1,protocol/ecosystem review intent
Protocol Reviews,"Thena Review 2024: A New ""Superstar"" on BNB Chain",https://coincu.com/thena-review-liquidity-layer-of-bnb-chain/,publish,2024-11-29 12:05:42,Other Reviews,Protocol / Ecosystem Reviews,keep,Mixed Reviews Archive,1,protocol/ecosystem review intent
Protocol Reviews,THORChain Review: Liquidity Protocol Using Advanced Decentralized Technology,https://coincu.com/thorchain-review-liquidity-protocol/,publish,2023-03-09 06:59:21,DeFi Reviews,Protocol / Ecosystem Reviews,keep,Protocol / DeFi Reviews,1,explicit DeFi/protocol category
Protocol Reviews,Ton Fish Review: The First Meme Coin On The TON Blockchain,https://coincu.com/ton-fish-review-first-meme-on-the-ton-blockchain/,publish,2024-04-24 10:48:32,Other Reviews,Protocol / Ecosystem Reviews,keep,Mixed Reviews Archive,1,protocol/ecosystem review intent
Protocol Reviews,Ton.Place Review: Unique OnlyFans Of The Web3 World,https://coincu.com/ton-place-review/,publish,2025-05-28 03:28:05,Other Reviews,Protocol / Ecosystem Reviews,keep,Mixed Reviews Archive,1,protocol/ecosystem review intent
Protocol Reviews,Tonstakers Review: Top Unique Staking Platforms On TON Blockchain,https://coincu.com/tonstakers-review/,publish,2024-10-18 01:00:00,Other Reviews,Protocol / Ecosystem Reviews,keep,Mixed Reviews Archive,1,protocol/ecosystem review intent
Protocol Reviews,Trader Joe Review: Top DEX On Avalanche With Great Potential,https://coincu.com/trader-joe-review-top-dex-on-avalanche/,publish,2023-02-28 08:24:19,DeFi Reviews,Protocol / Ecosystem Reviews,keep,Protocol / DeFi Reviews,1,explicit DeFi/protocol category
Protocol Reviews,Trendy DeFi Review: The Ultimate Passive Income Solution For DeFi Enthusiasts In 2024,https://coincu.com/trendy-defi-review-ultimate-passive-income/,publish,2023-10-21 12:48:19,Other Reviews,Protocol / Ecosystem Reviews,keep,Mixed Reviews Archive,1,protocol/ecosystem review intent
Protocol Reviews,Uniswap V2 Review: Discover The Ultimate Platform For Swapping And Staking Crypto,https://coincu.com/uniswap-v2-review-swapping-and-staking/,publish,2023-03-04 02:23:30,Other Reviews,Protocol / Ecosystem Reviews,keep,Mixed Reviews Archive,1,protocol/ecosystem review intent
Protocol Reviews,unshETH Review: Outstanding LSDFi Project Promoting ETH Staking Development,https://coincu.com/unsheth-lsdfi-promoting-eth-staking/,publish,2023-06-01 08:24:42,Other Reviews,Protocol / Ecosystem Reviews,keep,Mixed Reviews Archive,1,protocol/ecosystem review intent
Protocol Reviews,"Velocore Review: Pioneering Platform On zkSync With Ve Model(3,3)",https://coincu.com/velocore-review/,publish,2023-08-02 13:16:06,Other Reviews,Protocol / Ecosystem Reviews,keep,Mixed Reviews Archive,1,protocol/ecosystem review intent
Protocol Reviews,"Velodrome Finance Review: Protocol Benefits From ve(3,3) Mechanism",https://coincu.com/velodrome-finance-review/,publish,2023-10-18 07:49:50,DeFi Reviews,Protocol / Ecosystem Reviews,keep,Protocol / DeFi Reviews,1,explicit DeFi/protocol category
Protocol Reviews,Venom Network Review: Increase Scalability With Asynchronous Architecture,https://coincu.com/venom-network-increase-scalability-asynchronous/,publish,2023-06-30 09:23:22,Other Reviews,Protocol / Ecosystem Reviews,keep,Mixed Reviews Archive,1,protocol/ecosystem review intent
Protocol Reviews,"Walrus Protocol Review: Scalable, Secure, and Cost-Efficient Solution For Blockchain Storage",https://coincu.com/walrus-protocol-review-scalable-secure-and-cost-efficient-solution-for-blockchain-storage/,publish,2025-10-10 07:48:57,Other Reviews,Protocol / Ecosystem Reviews,keep,Mixed Reviews Archive,1,protocol/ecosystem review intent
Protocol Reviews,"What Is Humanity Protocol? 5 Powerful Facts Behind the H Coin, App, and Airdrop",https://coincu.com/what-is-humanity-protocol/,publish,2026-04-29 11:18:58,Other Reviews,Protocol / Ecosystem Reviews,keep,Mixed Reviews Archive,1,protocol/ecosystem review intent
Protocol Reviews,What Is Sui Network (SUI)? The Guide to the Sui Ecosystem,https://coincu.com/sui-review/,publish,2023-10-18 06:51:25,Other Reviews,Protocol / Ecosystem Reviews,keep,Mixed Reviews Archive,1,protocol/ecosystem review intent
Protocol Reviews,What is Suilend? Leading the Future of Lending and DeFi on the Sui Blockchain,https://coincu.com/what-is-suilend-sui-lending-protocol/,publish,2025-08-12 09:25:19,Other Reviews,Protocol / Ecosystem Reviews,keep,Mixed Reviews Archive | Protocol / DeFi Reviews,2,protocol export bucket
Protocol Reviews,What Is USD.AI (CHIP)? How the AI-Credit Protocol Works,https://coincu.com/what-is-usd-ai-chip/,publish,2026-04-23 07:15:46,Other Reviews,Protocol / Ecosystem Reviews,keep,Mixed Reviews Archive,1,protocol/ecosystem review intent
Protocol Reviews,Wombat Exchange Review: Stableswap Platform Advances The Growth Of DeFi,https://coincu.com/wombat-exchange-review/,publish,2023-03-09 08:56:28,DeFi Reviews,Protocol / Ecosystem Reviews,keep,Protocol / DeFi Reviews,1,explicit DeFi/protocol category
Protocol Reviews,Wormhole Review: The Most Powerful Cross-chain Bridge Protocol,https://coincu.com/wormhole-review/,publish,2023-06-18 19:23:25,Other Reviews,Protocol / Ecosystem Reviews,keep,Mixed Reviews Archive,1,protocol/ecosystem review intent
Protocol Reviews,Xai Review: Layer 3 Platform With Breakthrough Features,https://coincu.com/xai-review-layer-3-platform/,publish,2024-01-25 18:18:53,Other Reviews,Protocol / Ecosystem Reviews,keep,Mixed Reviews Archive,1,protocol/ecosystem review intent
Protocol Reviews,Yescoin Review: Unique Game Is Attracting Players On TON Blockchain,https://coincu.com/yescoin-review-unique-gameplay-on-ton/,publish,2024-11-11 03:12:05,Other Reviews,Protocol / Ecosystem Reviews,keep,Mixed Reviews Archive,1,protocol/ecosystem review intent
Protocol Reviews,Zeta Markets Review: A Notable Perpetual Exchange on Solana,https://coincu.com/zeta-markets-review-notable-perp-exchange-on-sol/,publish,2024-04-26 04:57:02,DeFi Reviews,Protocol / Ecosystem Reviews,keep,Protocol / DeFi Reviews,1,explicit DeFi/protocol category
Protocol Reviews,Zeus Network Review: The Solution To Connect Solana With The Bitcoin Network,https://coincu.com/zeus-network-solution-connect-sol-with-bitcoin/,publish,2024-04-22 05:25:32,DeFi Reviews,Protocol / Ecosystem Reviews,keep,Protocol / DeFi Reviews,1,explicit DeFi/protocol category
Protocol Reviews,zkLend Reviews: Outstanding Lending Platform With Zk-rollup Technology,https://coincu.com/zklend-reviews-outstanding-lending-platform/,publish,2023-05-22 09:14:23,Other Reviews,Protocol / Ecosystem Reviews,keep,Mixed Reviews Archive,1,protocol/ecosystem review intent
Protocol Reviews,zkSync L3 Review: Solution With Unlimited Potential,https://coincu.com/zksync-l3-review/,publish,2023-08-12 06:38:13,Other Reviews,Protocol / Ecosystem Reviews,keep,Mixed Reviews Archive,1,protocol/ecosystem review intent
Protocol Reviews,zkSync Review: Layer 2 Is More Capable Than Arbitrum,https://coincu.com/zksync-review/,publish,2023-10-18 07:42:19,Other Reviews,Protocol / Ecosystem Reviews,keep,Mixed Reviews Archive,1,protocol/ecosystem review intent
Protocol Reviews,Zora NFT Marketplace Review: A Platform To Protect Creators' Rights,https://coincu.com/zora-nft-marketplace-protect-creators-right/,publish,2023-06-22 03:36:51,Other Reviews,Protocol / Ecosystem Reviews,keep,Mixed Reviews Archive,1,protocol/ecosystem review intent
Protocol Reviews,Pact Consortium Review: PACT Protocol - Mảnh ghép RWAs quan trọng của hệ Aptos,https://coincu.com/?p=357306,draft,2025-08-28 08:52:09,DeFi Reviews,Protocol / Ecosystem Reviews,keep,Protocol / DeFi Reviews,1,explicit DeFi/protocol category
Protocol Reviews,Sonic Review: Next-Generation EVM Layer 1 Blockchain,https://coincu.com/?p=299694,draft,2025-01-06 03:43:33,Other Reviews,Protocol / Ecosystem Reviews,keep,Mixed Reviews Archive,1,protocol/ecosystem review intent
