cluster_title,cluster_size,cluster_type,url,path,unique_inlinks,word_count,keeper_url,keeper_path,recommended_action,confidence,note
Arizona Governor Vetoes Bitcoin Reserve Bill,6,exact_title_duplicate_with_suffix,https://theccpress.com/arizona-bitcoin-reserve-bill-veto/,/arizona-bitcoin-reserve-bill-veto/,3,905,https://theccpress.com/arizona-bitcoin-reserve-bill-veto/,/arizona-bitcoin-reserve-bill-veto/,keep,high,preferred keeper for this duplicate cluster
Arizona Governor Vetoes Bitcoin Reserve Bill,6,exact_title_duplicate_with_suffix,https://theccpress.com/arizona-governor-bitcoin-reserve-veto/,/arizona-governor-bitcoin-reserve-veto/,3,968,https://theccpress.com/arizona-bitcoin-reserve-bill-veto/,/arizona-bitcoin-reserve-bill-veto/,review_301,medium,major duplicate cluster from audit; keeper chosen manually
Arizona Governor Vetoes Bitcoin Reserve Bill,6,exact_title_duplicate_with_suffix,https://theccpress.com/arizona-governor-vetoes-bitcoin-bill-2/,/arizona-governor-vetoes-bitcoin-bill-2/,3,899,https://theccpress.com/arizona-bitcoin-reserve-bill-veto/,/arizona-bitcoin-reserve-bill-veto/,review_301,medium,major duplicate cluster from audit; keeper chosen manually
Arizona Governor Vetoes Bitcoin Reserve Bill,6,exact_title_duplicate_with_suffix,https://theccpress.com/arizona-governor-vetoes-bitcoin-bill-3/,/arizona-governor-vetoes-bitcoin-bill-3/,3,834,https://theccpress.com/arizona-bitcoin-reserve-bill-veto/,/arizona-bitcoin-reserve-bill-veto/,review_301,medium,major duplicate cluster from audit; keeper chosen manually
Arizona Governor Vetoes Bitcoin Reserve Bill,6,exact_title_duplicate_with_suffix,https://theccpress.com/arizona-governor-vetoes-bitcoin-bill/,/arizona-governor-vetoes-bitcoin-bill/,3,916,https://theccpress.com/arizona-bitcoin-reserve-bill-veto/,/arizona-bitcoin-reserve-bill-veto/,review_301,medium,major duplicate cluster from audit; keeper chosen manually
Arizona Governor Vetoes Bitcoin Reserve Bill,6,exact_title_duplicate_with_suffix,https://theccpress.com/arizona-governor-vetoes-bitcoin-reserve-bill-2/,/arizona-governor-vetoes-bitcoin-reserve-bill-2/,3,901,https://theccpress.com/arizona-bitcoin-reserve-bill-veto/,/arizona-bitcoin-reserve-bill-veto/,review_301,medium,major duplicate cluster from audit; keeper chosen manually
REX Shares Files for Ethereum and Solana Staking ETFs,3,exact_title_duplicate,https://theccpress.com/rex-ethereum-solana-staking-etfs-announcement/,/rex-ethereum-solana-staking-etfs-announcement/,3,952,https://theccpress.com/rex-ethereum-solana-staking-etfs/,/rex-ethereum-solana-staking-etfs/,review_301,medium,major duplicate cluster from audit; keeper chosen manually
REX Shares Files for Ethereum and Solana Staking ETFs,3,exact_title_duplicate,https://theccpress.com/rex-ethereum-solana-staking-etfs/,/rex-ethereum-solana-staking-etfs/,3,896,https://theccpress.com/rex-ethereum-solana-staking-etfs/,/rex-ethereum-solana-staking-etfs/,keep,high,preferred keeper for this duplicate cluster
REX Shares Files for Ethereum and Solana Staking ETFs,3,exact_title_duplicate,https://theccpress.com/rex-shares-ethereum-solana-staking-etfs/,/rex-shares-ethereum-solana-staking-etfs/,3,928,https://theccpress.com/rex-ethereum-solana-staking-etfs/,/rex-ethereum-solana-staking-etfs/,review_301,medium,major duplicate cluster from audit; keeper chosen manually
"REX Shares Files for Ethereum, Solana Staking ETFs",3,exact_title_duplicate_with_suffix,https://theccpress.com/ethereum-solana-staking-etf-filing/,/ethereum-solana-staking-etf-filing/,3,921,https://theccpress.com/rex-shares-ethereum-solana-etfs/,/rex-shares-ethereum-solana-etfs/,review_301,medium,major duplicate cluster from audit; keeper chosen manually
"REX Shares Files for Ethereum, Solana Staking ETFs",3,exact_title_duplicate_with_suffix,https://theccpress.com/rex-shares-ethereum-solana-etfs/,/rex-shares-ethereum-solana-etfs/,3,902,https://theccpress.com/rex-shares-ethereum-solana-etfs/,/rex-shares-ethereum-solana-etfs/,keep,high,preferred keeper for this duplicate cluster
"REX Shares Files for Ethereum, Solana Staking ETFs",3,exact_title_duplicate_with_suffix,https://theccpress.com/rex-shares-ethereum-solana-staking-etfs-2/,/rex-shares-ethereum-solana-staking-etfs-2/,3,971,https://theccpress.com/rex-shares-ethereum-solana-etfs/,/rex-shares-ethereum-solana-etfs/,review_301,medium,major duplicate cluster from audit; keeper chosen manually
"SEC Approves In-Kind Redemptions for Bitcoin, Ethereum ETFs",3,exact_title_duplicate,https://theccpress.com/sec-approves-bitcoin-ethereum-etf-redemptions/,/sec-approves-bitcoin-ethereum-etf-redemptions/,2,919,https://theccpress.com/sec-approves-in-kind-redemptions-etfs/,/sec-approves-in-kind-redemptions-etfs/,review_301,medium,major duplicate cluster from audit; keeper chosen manually
"SEC Approves In-Kind Redemptions for Bitcoin, Ethereum ETFs",3,exact_title_duplicate,https://theccpress.com/sec-approves-in-kind-redemptions-bitcoin-ethereum-etfs/,/sec-approves-in-kind-redemptions-bitcoin-ethereum-etfs/,3,1294,https://theccpress.com/sec-approves-in-kind-redemptions-etfs/,/sec-approves-in-kind-redemptions-etfs/,review_301,medium,major duplicate cluster from audit; keeper chosen manually
"SEC Approves In-Kind Redemptions for Bitcoin, Ethereum ETFs",3,exact_title_duplicate,https://theccpress.com/sec-approves-in-kind-redemptions-etfs/,/sec-approves-in-kind-redemptions-etfs/,3,915,https://theccpress.com/sec-approves-in-kind-redemptions-etfs/,/sec-approves-in-kind-redemptions-etfs/,keep,high,preferred keeper for this duplicate cluster
Ant Group Partners with Circle to Integrate USDC,2,exact_title_duplicate_with_suffix,https://theccpress.com/ant-group-circle-usdc-integration-2/,/ant-group-circle-usdc-integration-2/,3,1270,https://theccpress.com/ant-group-circle-usdc-integration/,/ant-group-circle-usdc-integration/,301_now,high,exact duplicate title with one clean base URL and suffix duplicate
Ant Group Partners with Circle to Integrate USDC,2,exact_title_duplicate_with_suffix,https://theccpress.com/ant-group-circle-usdc-integration/,/ant-group-circle-usdc-integration/,3,899,https://theccpress.com/ant-group-circle-usdc-integration/,/ant-group-circle-usdc-integration/,keep,high,preferred keeper for this duplicate cluster
Argentina Leads Latin America in Crypto Adoption,2,exact_title_duplicate,https://theccpress.com/argentina-crypto-adoption-leader/,/argentina-crypto-adoption-leader/,3,915,https://theccpress.com/argentina-crypto-adoption-leader/,/argentina-crypto-adoption-leader/,keep,high,preferred keeper for this duplicate cluster
Argentina Leads Latin America in Crypto Adoption,2,exact_title_duplicate,https://theccpress.com/argentina-leads-latin-america-crypto/,/argentina-leads-latin-america-crypto/,3,928,https://theccpress.com/argentina-crypto-adoption-leader/,/argentina-crypto-adoption-leader/,review_301,medium,exact duplicate title but keeper still needs human confirmation
Avalanche DeFi TVL Surpasses $2 Billion Mark,2,exact_title_duplicate,https://theccpress.com/avalanche-defi-tvl-surpasses-2billion/,/avalanche-defi-tvl-surpasses-2billion/,3,913,https://theccpress.com/avalanche-defi-tvl-surpasses-2billion/,/avalanche-defi-tvl-surpasses-2billion/,keep,high,preferred keeper for this duplicate cluster
Avalanche DeFi TVL Surpasses $2 Billion Mark,2,exact_title_duplicate,https://theccpress.com/avalanche-defi-tvl-surpasses-two-billion/,/avalanche-defi-tvl-surpasses-two-billion/,3,877,https://theccpress.com/avalanche-defi-tvl-surpasses-2billion/,/avalanche-defi-tvl-surpasses-2billion/,review_301,medium,exact duplicate title but keeper still needs human confirmation
Binance Mandates KYC Re-Verification for Indian Users,2,exact_title_duplicate,https://theccpress.com/binance-kyc-re-verification-india/,/binance-kyc-re-verification-india/,3,872,https://theccpress.com/binance-kyc-re-verification-india/,/binance-kyc-re-verification-india/,keep,high,preferred keeper for this duplicate cluster
Binance Mandates KYC Re-Verification for Indian Users,2,exact_title_duplicate,https://theccpress.com/binance-kyc-reverification-india-users/,/binance-kyc-reverification-india-users/,3,869,https://theccpress.com/binance-kyc-re-verification-india/,/binance-kyc-re-verification-india/,review_301,medium,exact duplicate title but keeper still needs human confirmation
Bitcoin Reaches New All-Time High in Argentina,2,exact_title_duplicate,https://theccpress.com/bitcoin-all-time-high-argentina/,/bitcoin-all-time-high-argentina/,3,842,https://theccpress.com/bitcoin-all-time-high-argentina/,/bitcoin-all-time-high-argentina/,keep,high,preferred keeper for this duplicate cluster
Bitcoin Reaches New All-Time High in Argentina,2,exact_title_duplicate,https://theccpress.com/bitcoin-record-high-argentina-inflation/,/bitcoin-record-high-argentina-inflation/,3,937,https://theccpress.com/bitcoin-all-time-high-argentina/,/bitcoin-all-time-high-argentina/,review_301,medium,exact duplicate title but keeper still needs human confirmation
Bitcoin Surpasses Amazon in Market Capitalization,2,exact_title_duplicate_with_suffix,https://theccpress.com/bitcoin-surpasses-amazon-market-cap-3/,/bitcoin-surpasses-amazon-market-cap-3/,3,899,https://theccpress.com/bitcoin-surpasses-amazon-market-cap-4/,/bitcoin-surpasses-amazon-market-cap-4/,review_301,medium,exact duplicate title but keeper still needs human confirmation
Bitcoin Surpasses Amazon in Market Capitalization,2,exact_title_duplicate_with_suffix,https://theccpress.com/bitcoin-surpasses-amazon-market-cap-4/,/bitcoin-surpasses-amazon-market-cap-4/,3,914,https://theccpress.com/bitcoin-surpasses-amazon-market-cap-4/,/bitcoin-surpasses-amazon-market-cap-4/,keep,high,preferred keeper for this duplicate cluster
Bitwise CEO Anticipates Full Wall Street Crypto Adoption,2,exact_title_duplicate_with_suffix,https://theccpress.com/bitwise-ceo-wall-street-crypto-adoption-2/,/bitwise-ceo-wall-street-crypto-adoption-2/,3,889,https://theccpress.com/bitwise-ceo-wall-street-crypto-adoption/,/bitwise-ceo-wall-street-crypto-adoption/,301_now,high,exact duplicate title with one clean base URL and suffix duplicate
Bitwise CEO Anticipates Full Wall Street Crypto Adoption,2,exact_title_duplicate_with_suffix,https://theccpress.com/bitwise-ceo-wall-street-crypto-adoption/,/bitwise-ceo-wall-street-crypto-adoption/,3,956,https://theccpress.com/bitwise-ceo-wall-street-crypto-adoption/,/bitwise-ceo-wall-street-crypto-adoption/,keep,high,preferred keeper for this duplicate cluster
BlackRock Bitcoin ETF Faces $430 Million Outflow,2,exact_title_duplicate,https://theccpress.com/blackrock-bitcoin-etf-430-million-outflow/,/blackrock-bitcoin-etf-430-million-outflow/,3,912,https://theccpress.com/blackrock-bitcoin-etf-massive-outflow/,/blackrock-bitcoin-etf-massive-outflow/,review_301,medium,exact duplicate title but keeper still needs human confirmation
BlackRock Bitcoin ETF Faces $430 Million Outflow,2,exact_title_duplicate,https://theccpress.com/blackrock-bitcoin-etf-massive-outflow/,/blackrock-bitcoin-etf-massive-outflow/,3,839,https://theccpress.com/blackrock-bitcoin-etf-massive-outflow/,/blackrock-bitcoin-etf-massive-outflow/,keep,high,preferred keeper for this duplicate cluster
BlockDAG Joins Global Exchanges: Secure 95x ROI at Just $0.0000061! More on Ethereum Prediction & BNB Coin Trends,2,exact_title_duplicate_with_suffix,https://theccpress.com/blockdag-joins-global-exchanges-secure-95x-roi-at-just-0-0000061-more-on-ethereum-prediction-and-bnb-coin-trends-2/,/blockdag-joins-global-exchanges-secure-95x-roi-at-just-0-0000061-more-on-ethereum-prediction-and-bnb-coin-trends-2/,411,1950,https://theccpress.com/blockdag-joins-global-exchanges-secure-95x-roi-at-just-0-0000061-more-on-ethereum-prediction-and-bnb-coin-trends/,/blockdag-joins-global-exchanges-secure-95x-roi-at-just-0-0000061-more-on-ethereum-prediction-and-bnb-coin-trends/,301_now,high,exact duplicate title with one clean base URL and suffix duplicate
BlockDAG Joins Global Exchanges: Secure 95x ROI at Just $0.0000061! More on Ethereum Prediction & BNB Coin Trends,2,exact_title_duplicate_with_suffix,https://theccpress.com/blockdag-joins-global-exchanges-secure-95x-roi-at-just-0-0000061-more-on-ethereum-prediction-and-bnb-coin-trends/,/blockdag-joins-global-exchanges-secure-95x-roi-at-just-0-0000061-more-on-ethereum-prediction-and-bnb-coin-trends/,412,1951,https://theccpress.com/blockdag-joins-global-exchanges-secure-95x-roi-at-just-0-0000061-more-on-ethereum-prediction-and-bnb-coin-trends/,/blockdag-joins-global-exchanges-secure-95x-roi-at-just-0-0000061-more-on-ethereum-prediction-and-bnb-coin-trends/,keep,high,preferred keeper for this duplicate cluster
Brown University Invests $5M in BlackRock Bitcoin ETF,2,exact_title_duplicate,https://theccpress.com/brown-university-invests-5m-bitcoin-etf/,/brown-university-invests-5m-bitcoin-etf/,3,893,https://theccpress.com/brown-university-invests-5m-bitcoin-etf/,/brown-university-invests-5m-bitcoin-etf/,keep,high,preferred keeper for this duplicate cluster
Brown University Invests $5M in BlackRock Bitcoin ETF,2,exact_title_duplicate,https://theccpress.com/brown-university-invests-bitcoin-blackrock-etf/,/brown-university-invests-bitcoin-blackrock-etf/,2,850,https://theccpress.com/brown-university-invests-5m-bitcoin-etf/,/brown-university-invests-5m-bitcoin-etf/,review_301,medium,exact duplicate title but keeper still needs human confirmation
Charles Hoskinson Predicts Ethereum's Decline Over Next 15 Years,2,exact_title_duplicate,https://theccpress.com/charles-hoskinson-ethereum-decline-prediction/,/charles-hoskinson-ethereum-decline-prediction/,3,887,https://theccpress.com/charles-hoskinson-predicts-ethereum-decline/,/charles-hoskinson-predicts-ethereum-decline/,review_301,medium,exact duplicate title but keeper still needs human confirmation
Charles Hoskinson Predicts Ethereum's Decline Over Next 15 Years,2,exact_title_duplicate,https://theccpress.com/charles-hoskinson-predicts-ethereum-decline/,/charles-hoskinson-predicts-ethereum-decline/,3,886,https://theccpress.com/charles-hoskinson-predicts-ethereum-decline/,/charles-hoskinson-predicts-ethereum-decline/,keep,high,preferred keeper for this duplicate cluster
Circle Denies Pursuit of U.S. Federal Bank Charter,2,exact_title_duplicate,https://theccpress.com/circle-denies-us-bank-charter-plans/,/circle-denies-us-bank-charter-plans/,3,1274,https://theccpress.com/circle-denies-us-bank-charter-plans/,/circle-denies-us-bank-charter-plans/,keep,high,preferred keeper for this duplicate cluster
Circle Denies Pursuit of U.S. Federal Bank Charter,2,exact_title_duplicate,https://theccpress.com/circle-denies-us-federal-bank-charter-plans/,/circle-denies-us-federal-bank-charter-plans/,3,905,https://theccpress.com/circle-denies-us-bank-charter-plans/,/circle-denies-us-bank-charter-plans/,review_301,medium,exact duplicate title but keeper still needs human confirmation
"CME Group Plans Solana, XRP Futures Launch",2,exact_title_duplicate_with_suffix,https://theccpress.com/cme-group-solana-xrp-futures-launch-2/,/cme-group-solana-xrp-futures-launch-2/,2,963,https://theccpress.com/cme-group-solana-xrp-futures-launch/,/cme-group-solana-xrp-futures-launch/,301_now,high,exact duplicate title with one clean base URL and suffix duplicate
"CME Group Plans Solana, XRP Futures Launch",2,exact_title_duplicate_with_suffix,https://theccpress.com/cme-group-solana-xrp-futures-launch/,/cme-group-solana-xrp-futures-launch/,3,956,https://theccpress.com/cme-group-solana-xrp-futures-launch/,/cme-group-solana-xrp-futures-launch/,keep,high,preferred keeper for this duplicate cluster
CoinFund President Criticizes BIS Crypto Report,2,exact_title_duplicate,https://theccpress.com/coinfund-president-criticizes-bis-defi-report/,/coinfund-president-criticizes-bis-defi-report/,3,888,https://theccpress.com/coinfund-president-criticizes-bis-report/,/coinfund-president-criticizes-bis-report/,review_301,medium,exact duplicate title but keeper still needs human confirmation
CoinFund President Criticizes BIS Crypto Report,2,exact_title_duplicate,https://theccpress.com/coinfund-president-criticizes-bis-report/,/coinfund-president-criticizes-bis-report/,3,1277,https://theccpress.com/coinfund-president-criticizes-bis-report/,/coinfund-president-criticizes-bis-report/,keep,high,preferred keeper for this duplicate cluster
"Cronos ETP Gains Investor Interest, Ethereum Targets $2,500, but Unstaked Offers Smart Entry at $0.007535",2,exact_title_duplicate_with_suffix,https://theccpress.com/cronos-etp-gains-investor-interest-ethereum-targets-2500-but-unstaked-offers-smart-entry-at-0-007535-2/,/cronos-etp-gains-investor-interest-ethereum-targets-2500-but-unstaked-offers-smart-entry-at-0-007535-2/,3,1883,https://theccpress.com/cronos-etp-gains-investor-interest-ethereum-targets-2500-but-unstaked-offers-smart-entry-at-0-007535/,/cronos-etp-gains-investor-interest-ethereum-targets-2500-but-unstaked-offers-smart-entry-at-0-007535/,review_301,medium,exact duplicate title but keeper still needs human confirmation
"Cronos ETP Gains Investor Interest, Ethereum Targets $2,500, but Unstaked Offers Smart Entry at $0.007535",2,exact_title_duplicate_with_suffix,https://theccpress.com/cronos-etp-gains-investor-interest-ethereum-targets-2500-but-unstaked-offers-smart-entry-at-0-007535/,/cronos-etp-gains-investor-interest-ethereum-targets-2500-but-unstaked-offers-smart-entry-at-0-007535/,3,1881,https://theccpress.com/cronos-etp-gains-investor-interest-ethereum-targets-2500-but-unstaked-offers-smart-entry-at-0-007535/,/cronos-etp-gains-investor-interest-ethereum-targets-2500-but-unstaked-offers-smart-entry-at-0-007535/,keep,high,preferred keeper for this duplicate cluster
CrossCurve Bridge Exploited for $3 Million,2,exact_title_duplicate,https://theccpress.com/crosscurve-bridge-exploit-three-million/,/crosscurve-bridge-exploit-three-million/,3,939,https://theccpress.com/crosscurve-bridge-exploit-three-million/,/crosscurve-bridge-exploit-three-million/,keep,high,preferred keeper for this duplicate cluster
CrossCurve Bridge Exploited for $3 Million,2,exact_title_duplicate,https://theccpress.com/crosscurve-bridge-exploited-millions-impacts/,/crosscurve-bridge-exploited-millions-impacts/,3,904,https://theccpress.com/crosscurve-bridge-exploit-three-million/,/crosscurve-bridge-exploit-three-million/,review_301,medium,exact duplicate title but keeper still needs human confirmation
Crypto Liquidations Exceed $712 Million in 24 Hours,2,exact_title_duplicate,https://theccpress.com/crypto-liquidations-712-million-day-analysis/,/crypto-liquidations-712-million-day-analysis/,3,1235,https://theccpress.com/crypto-liquidations-712-million-impact/,/crypto-liquidations-712-million-impact/,review_301,medium,exact duplicate title but keeper still needs human confirmation
Crypto Liquidations Exceed $712 Million in 24 Hours,2,exact_title_duplicate,https://theccpress.com/crypto-liquidations-712-million-impact/,/crypto-liquidations-712-million-impact/,3,882,https://theccpress.com/crypto-liquidations-712-million-impact/,/crypto-liquidations-712-million-impact/,keep,high,preferred keeper for this duplicate cluster
DeFi Development Corp Files $1 Billion SEC Registration,2,exact_title_duplicate,https://theccpress.com/defi-development-corp-sec-filing/,/defi-development-corp-sec-filing/,3,898,https://theccpress.com/defi-development-corp-sec-filing/,/defi-development-corp-sec-filing/,keep,high,preferred keeper for this duplicate cluster
DeFi Development Corp Files $1 Billion SEC Registration,2,exact_title_duplicate,https://theccpress.com/defi-development-corp-sec-registration/,/defi-development-corp-sec-registration/,3,932,https://theccpress.com/defi-development-corp-sec-filing/,/defi-development-corp-sec-filing/,review_301,medium,exact duplicate title but keeper still needs human confirmation
Deutsche Bank Warns of US Capital War Risk,2,exact_title_duplicate,https://theccpress.com/deutsche-bank-us-capital-war-warning/,/deutsche-bank-us-capital-war-warning/,3,938,https://theccpress.com/deutsche-bank-us-capital-war-warning/,/deutsche-bank-us-capital-war-warning/,keep,high,preferred keeper for this duplicate cluster
Deutsche Bank Warns of US Capital War Risk,2,exact_title_duplicate,https://theccpress.com/us-revenge-tax-capital-war/,/us-revenge-tax-capital-war/,2,845,https://theccpress.com/deutsche-bank-us-capital-war-warning/,/deutsche-bank-us-capital-war-warning/,review_301,medium,exact duplicate title but keeper still needs human confirmation
El Salvador Increases Bitcoin Holdings by 8 BTC,2,exact_title_duplicate,https://theccpress.com/el-salvador-bitcoin-holdings-increase/,/el-salvador-bitcoin-holdings-increase/,3,905,https://theccpress.com/el-salvador-bitcoin-holdings-increase/,/el-salvador-bitcoin-holdings-increase/,keep,high,preferred keeper for this duplicate cluster
El Salvador Increases Bitcoin Holdings by 8 BTC,2,exact_title_duplicate,https://theccpress.com/el-salvador-increases-bitcoin-holdings/,/el-salvador-increases-bitcoin-holdings/,3,957,https://theccpress.com/el-salvador-bitcoin-holdings-increase/,/el-salvador-bitcoin-holdings-increase/,review_301,medium,exact duplicate title but keeper still needs human confirmation
Freight Technologies Plans $20 Million Investment in Trump Tokens,2,exact_title_duplicate_with_suffix,https://theccpress.com/freight-technologies-invests-trump-tokens-2/,/freight-technologies-invests-trump-tokens-2/,3,944,https://theccpress.com/freight-technologies-trump-tokens-investment/,/freight-technologies-trump-tokens-investment/,301_now,high,exact duplicate title with one clean base URL and suffix duplicate
Freight Technologies Plans $20 Million Investment in Trump Tokens,2,exact_title_duplicate_with_suffix,https://theccpress.com/freight-technologies-trump-tokens-investment/,/freight-technologies-trump-tokens-investment/,3,876,https://theccpress.com/freight-technologies-trump-tokens-investment/,/freight-technologies-trump-tokens-investment/,keep,high,preferred keeper for this duplicate cluster
Galaxy Digital Sells $106M Ethereum for Solana,2,exact_title_duplicate,https://theccpress.com/ethereum-sale-galaxy-digital-solana/,/ethereum-sale-galaxy-digital-solana/,3,896,https://theccpress.com/ethereum-sale-galaxy-digital-solana/,/ethereum-sale-galaxy-digital-solana/,keep,high,preferred keeper for this duplicate cluster
Galaxy Digital Sells $106M Ethereum for Solana,2,exact_title_duplicate,https://theccpress.com/galaxy-digital-sells-ethereum-for-solana/,/galaxy-digital-sells-ethereum-for-solana/,3,1267,https://theccpress.com/ethereum-sale-galaxy-digital-solana/,/ethereum-sale-galaxy-digital-solana/,review_301,medium,exact duplicate title but keeper still needs human confirmation
IRS Appoints Trish Turner to Lead Digital Assets Division,2,exact_title_duplicate,https://theccpress.com/irs-leadership-change-digital-assets-unit/,/irs-leadership-change-digital-assets-unit/,3,867,https://theccpress.com/irs-trish-turner-digital-assets-leader/,/irs-trish-turner-digital-assets-leader/,review_301,medium,exact duplicate title but keeper still needs human confirmation
IRS Appoints Trish Turner to Lead Digital Assets Division,2,exact_title_duplicate,https://theccpress.com/irs-trish-turner-digital-assets-leader/,/irs-trish-turner-digital-assets-leader/,3,885,https://theccpress.com/irs-trish-turner-digital-assets-leader/,/irs-trish-turner-digital-assets-leader/,keep,high,preferred keeper for this duplicate cluster
James Wynn Closes $1.2B Bitcoin Position on Hyperliquid,2,exact_title_duplicate,https://theccpress.com/james-wynn-1-2b-bitcoin-position-closed-hyperliquid/,/james-wynn-1-2b-bitcoin-position-closed-hyperliquid/,3,902,https://theccpress.com/james-wynn-bitcoin-position-closure/,/james-wynn-bitcoin-position-closure/,review_301,medium,exact duplicate title but keeper still needs human confirmation
James Wynn Closes $1.2B Bitcoin Position on Hyperliquid,2,exact_title_duplicate,https://theccpress.com/james-wynn-bitcoin-position-closure/,/james-wynn-bitcoin-position-closure/,3,925,https://theccpress.com/james-wynn-bitcoin-position-closure/,/james-wynn-bitcoin-position-closure/,keep,high,preferred keeper for this duplicate cluster
MBS Global to Invest $9B in Maldives Blockchain Hub,2,exact_title_duplicate,https://theccpress.com/maldives-blockchain-hub-mbs-investment/,/maldives-blockchain-hub-mbs-investment/,3,914,https://theccpress.com/maldives-blockchain-hub-mbs-investment/,/maldives-blockchain-hub-mbs-investment/,keep,high,preferred keeper for this duplicate cluster
MBS Global to Invest $9B in Maldives Blockchain Hub,2,exact_title_duplicate,https://theccpress.com/mbs-global-maldives-blockchain-investment/,/mbs-global-maldives-blockchain-investment/,3,851,https://theccpress.com/maldives-blockchain-hub-mbs-investment/,/maldives-blockchain-hub-mbs-investment/,review_301,medium,exact duplicate title but keeper still needs human confirmation
Meta Shareholders Reject Bitcoin Treasury Proposal,2,exact_title_duplicate,https://theccpress.com/meta-shareholders-reject-bitcoin-proposal/,/meta-shareholders-reject-bitcoin-proposal/,3,875,https://theccpress.com/meta-shareholders-reject-bitcoin-proposal/,/meta-shareholders-reject-bitcoin-proposal/,keep,high,preferred keeper for this duplicate cluster
Meta Shareholders Reject Bitcoin Treasury Proposal,2,exact_title_duplicate,https://theccpress.com/meta-shareholders-reject-bitcoin-treasury-proposal/,/meta-shareholders-reject-bitcoin-treasury-proposal/,3,1288,https://theccpress.com/meta-shareholders-reject-bitcoin-proposal/,/meta-shareholders-reject-bitcoin-proposal/,review_301,medium,exact duplicate title but keeper still needs human confirmation
Mexico Sues Google Over 'Gulf of America' Naming,2,exact_title_duplicate,https://theccpress.com/mexico-sues-google-gulf-america-naming/,/mexico-sues-google-gulf-america-naming/,3,886,https://theccpress.com/mexico-sues-google-gulf-naming/,/mexico-sues-google-gulf-naming/,review_301,medium,exact duplicate title but keeper still needs human confirmation
Mexico Sues Google Over 'Gulf of America' Naming,2,exact_title_duplicate,https://theccpress.com/mexico-sues-google-gulf-naming/,/mexico-sues-google-gulf-naming/,3,901,https://theccpress.com/mexico-sues-google-gulf-naming/,/mexico-sues-google-gulf-naming/,keep,high,preferred keeper for this duplicate cluster
Mexico Sues Google Over Gulf Name Change,2,exact_title_duplicate,https://theccpress.com/mexico-lawsuit-google-gulf-name-dispute/,/mexico-lawsuit-google-gulf-name-dispute/,3,805,https://theccpress.com/mexico-sues-google-gulf-of-america/,/mexico-sues-google-gulf-of-america/,review_301,medium,exact duplicate title but keeper still needs human confirmation
Mexico Sues Google Over Gulf Name Change,2,exact_title_duplicate,https://theccpress.com/mexico-sues-google-gulf-of-america/,/mexico-sues-google-gulf-of-america/,3,889,https://theccpress.com/mexico-sues-google-gulf-of-america/,/mexico-sues-google-gulf-of-america/,keep,high,preferred keeper for this duplicate cluster
Nike Faces $5M Lawsuit After RTFKT Shutdown,2,exact_title_duplicate,https://theccpress.com/nike-lawsuit-rtfkt-nft-shutdown/,/nike-lawsuit-rtfkt-nft-shutdown/,3,882,https://theccpress.com/nike-sued-rtfkt-nft-shutdown/,/nike-sued-rtfkt-nft-shutdown/,review_301,medium,exact duplicate title but keeper still needs human confirmation
Nike Faces $5M Lawsuit After RTFKT Shutdown,2,exact_title_duplicate,https://theccpress.com/nike-sued-rtfkt-nft-shutdown/,/nike-sued-rtfkt-nft-shutdown/,3,903,https://theccpress.com/nike-sued-rtfkt-nft-shutdown/,/nike-sued-rtfkt-nft-shutdown/,keep,high,preferred keeper for this duplicate cluster
Robert Kiyosaki Endorses Bitcoin for Network Strength,2,exact_title_duplicate,https://theccpress.com/robert-kiyosaki-bitcoin-network-benefits/,/robert-kiyosaki-bitcoin-network-benefits/,3,904,https://theccpress.com/robert-kiyosaki-bitcoin-network-benefits/,/robert-kiyosaki-bitcoin-network-benefits/,keep,high,preferred keeper for this duplicate cluster
Robert Kiyosaki Endorses Bitcoin for Network Strength,2,exact_title_duplicate,https://theccpress.com/robert-kiyosaki-bitcoin-network-investment/,/robert-kiyosaki-bitcoin-network-investment/,3,1280,https://theccpress.com/robert-kiyosaki-bitcoin-network-benefits/,/robert-kiyosaki-bitcoin-network-benefits/,review_301,medium,exact duplicate title but keeper still needs human confirmation
Rumble to Launch Bitcoin and Stablecoin Wallet in 2025,2,exact_title_duplicate_with_suffix,https://theccpress.com/rumble-bitcoin-stablecoin-wallet-2025/,/rumble-bitcoin-stablecoin-wallet-2025/,3,898,https://theccpress.com/rumble-bitcoin-stablecoin-wallet-2025/,/rumble-bitcoin-stablecoin-wallet-2025/,keep,high,preferred keeper for this duplicate cluster
Rumble to Launch Bitcoin and Stablecoin Wallet in 2025,2,exact_title_duplicate_with_suffix,https://theccpress.com/rumble-launch-bitcoin-stablecoin-wallet-2025/,/rumble-launch-bitcoin-stablecoin-wallet-2025/,3,851,https://theccpress.com/rumble-bitcoin-stablecoin-wallet-2025/,/rumble-bitcoin-stablecoin-wallet-2025/,review_301,medium,exact duplicate title but keeper still needs human confirmation
SEC Delays Decision on Truth Social Bitcoin ETF,2,exact_title_duplicate_with_suffix,https://theccpress.com/sec-delays-truth-social-bitcoin-etf-2/,/sec-delays-truth-social-bitcoin-etf-2/,3,931,https://theccpress.com/sec-delays-truth-social-bitcoin-etf-3/,/sec-delays-truth-social-bitcoin-etf-3/,review_301,medium,exact duplicate title but keeper still needs human confirmation
SEC Delays Decision on Truth Social Bitcoin ETF,2,exact_title_duplicate_with_suffix,https://theccpress.com/sec-delays-truth-social-bitcoin-etf-3/,/sec-delays-truth-social-bitcoin-etf-3/,3,993,https://theccpress.com/sec-delays-truth-social-bitcoin-etf-3/,/sec-delays-truth-social-bitcoin-etf-3/,keep,high,preferred keeper for this duplicate cluster
SHIB Surges as Experts Spot Best Crypto Presales to Buy Now,2,exact_title_duplicate_with_suffix,https://theccpress.com/shib-surges-as-experts-spot-best-crypto-presales-to-buy-now-2/,/shib-surges-as-experts-spot-best-crypto-presales-to-buy-now-2/,3,2146,https://theccpress.com/shib-surges-as-experts-spot-best-crypto-presales-to-buy-now/,/shib-surges-as-experts-spot-best-crypto-presales-to-buy-now/,301_now,high,exact duplicate title with one clean base URL and suffix duplicate
SHIB Surges as Experts Spot Best Crypto Presales to Buy Now,2,exact_title_duplicate_with_suffix,https://theccpress.com/shib-surges-as-experts-spot-best-crypto-presales-to-buy-now/,/shib-surges-as-experts-spot-best-crypto-presales-to-buy-now/,13,2111,https://theccpress.com/shib-surges-as-experts-spot-best-crypto-presales-to-buy-now/,/shib-surges-as-experts-spot-best-crypto-presales-to-buy-now/,keep,high,preferred keeper for this duplicate cluster
Tim Draper Predicts Bitcoin to Reach $250K by 2025,2,exact_title_duplicate_with_suffix,https://theccpress.com/tim-draper-bitcoin-250k-forecast-2025/,/tim-draper-bitcoin-250k-forecast-2025/,3,822,https://theccpress.com/tim-draper-bitcoin-250k-forecast-2025/,/tim-draper-bitcoin-250k-forecast-2025/,keep,high,preferred keeper for this duplicate cluster
Tim Draper Predicts Bitcoin to Reach $250K by 2025,2,exact_title_duplicate_with_suffix,https://theccpress.com/tim-draper-bitcoin-250k-prediction-2025-2/,/tim-draper-bitcoin-250k-prediction-2025-2/,3,845,https://theccpress.com/tim-draper-bitcoin-250k-forecast-2025/,/tim-draper-bitcoin-250k-forecast-2025/,review_301,medium,exact duplicate title but keeper still needs human confirmation
TON Foundation Appoints Maximilian Crown as CEO,2,exact_title_duplicate,https://theccpress.com/ton-foundation-appoints-maximilian-crown-ceo/,/ton-foundation-appoints-maximilian-crown-ceo/,3,898,https://theccpress.com/ton-foundation-appoints-new-ceo/,/ton-foundation-appoints-new-ceo/,review_301,medium,exact duplicate title but keeper still needs human confirmation
TON Foundation Appoints Maximilian Crown as CEO,2,exact_title_duplicate,https://theccpress.com/ton-foundation-appoints-new-ceo/,/ton-foundation-appoints-new-ceo/,3,883,https://theccpress.com/ton-foundation-appoints-new-ceo/,/ton-foundation-appoints-new-ceo/,keep,high,preferred keeper for this duplicate cluster
VanEck Registers Lido Staked Ethereum Trust in Delaware,2,exact_title_duplicate,https://theccpress.com/vaneck-lido-staked-ethereum-trust-delaware/,/vaneck-lido-staked-ethereum-trust-delaware/,3,965,https://theccpress.com/vaneck-lido-staked-ethereum-trust-delaware/,/vaneck-lido-staked-ethereum-trust-delaware/,keep,high,preferred keeper for this duplicate cluster
VanEck Registers Lido Staked Ethereum Trust in Delaware,2,exact_title_duplicate,https://theccpress.com/vaneck-lido-staked-ethereum-trust-registration/,/vaneck-lido-staked-ethereum-trust-registration/,3,950,https://theccpress.com/vaneck-lido-staked-ethereum-trust-delaware/,/vaneck-lido-staked-ethereum-trust-delaware/,review_301,medium,exact duplicate title but keeper still needs human confirmation
Vietnam Partners with Bybit for Crypto Trading Pilot,2,exact_title_duplicate_with_suffix,https://theccpress.com/vietnam-bybit-crypto-trading-pilot-2/,/vietnam-bybit-crypto-trading-pilot-2/,3,849,https://theccpress.com/vietnam-bybit-crypto-trading-pilot/,/vietnam-bybit-crypto-trading-pilot/,301_now,high,exact duplicate title with one clean base URL and suffix duplicate
Vietnam Partners with Bybit for Crypto Trading Pilot,2,exact_title_duplicate_with_suffix,https://theccpress.com/vietnam-bybit-crypto-trading-pilot/,/vietnam-bybit-crypto-trading-pilot/,3,1255,https://theccpress.com/vietnam-bybit-crypto-trading-pilot/,/vietnam-bybit-crypto-trading-pilot/,keep,high,preferred keeper for this duplicate cluster
Whale Transfers 29 Million XRP to Coinbase,2,exact_title_duplicate_with_suffix,https://theccpress.com/whale-transfers-29-million-xrp-coinbase-2/,/whale-transfers-29-million-xrp-coinbase-2/,3,919,https://theccpress.com/whale-transfers-29-million-xrp-coinbase/,/whale-transfers-29-million-xrp-coinbase/,301_now,high,exact duplicate title with one clean base URL and suffix duplicate
Whale Transfers 29 Million XRP to Coinbase,2,exact_title_duplicate_with_suffix,https://theccpress.com/whale-transfers-29-million-xrp-coinbase/,/whale-transfers-29-million-xrp-coinbase/,3,908,https://theccpress.com/whale-transfers-29-million-xrp-coinbase/,/whale-transfers-29-million-xrp-coinbase/,keep,high,preferred keeper for this duplicate cluster
