priority,url,title,unique_inlinks,word_count,matched_entity,matched_promo_signal,recommended_action,fallback_if_not_deleted,reason
P1,https://theccpress.com/aurex-expands-its-ai-powered-prediction-market-intelligence-ecosystem-as-presale-momentum-continues/,AUREX Expands Its AI-Powered Prediction Market Intelligence Ecosystem as Presale Momentum Continues,68,1444,aurex,presale,delete_now,noindex,live indexable promo/shill-style article likely diluting editorial and index quality
P1,https://theccpress.com/next-altcoin-to-explode-blockdag-heats-up-with-nba-teaser-as-inj-tia-and-sui-gain-steam/,"Next Altcoin to Explode? BlockDAG, INJ, TIA, & SUI Build Strong Foundations",8,1368,blockdag,Next Altcoin to Explode,delete_now,noindex,live indexable promo/shill-style article likely diluting editorial and index quality
P1,https://theccpress.com/top-crypto-gainers-in-2025-blockdag-hbar-litecoin-and-filecoin-make-bold-moves/,"Top Crypto Gainers in 2025: Why BlockDAG, HBAR, Litecoin, and Filecoin Are Catching Fire This Cycle",8,1514,blockdag,Top Crypto,delete_now,noindex,live indexable promo/shill-style article likely diluting editorial and index quality
P1,https://theccpress.com/4-top-crypto-coins-to-buy-now-bdag-ada-sol-hbar/,"Top Crypto Coins to Buy Now: BlockDAG, Cardano, Solana, Hedera Showing Strong Signs of Momentum",7,1827,bdag,Top Crypto,delete_now,noindex,live indexable promo/shill-style article likely diluting editorial and index quality
P1,https://theccpress.com/highest-potential-cryptos-in-2025-blockdag-ada-doge-trx/,From Hidden Gems to Breakout Stars: 4 Highest Potential Cryptos in 2025 Revealed!,7,1390,blockdag,Highest Potential Cryptos,delete_now,noindex,live indexable promo/shill-style article likely diluting editorial and index quality
P1,https://theccpress.com/highest-potential-cryptos-in-2025-blockdag-solana-more/,Here’s Why Smart Traders Are Betting Big on These 4 Highest Potential Cryptos in 2025!,7,1568,blockdag,Highest Potential Cryptos,delete_now,noindex,live indexable promo/shill-style article likely diluting editorial and index quality
P1,https://theccpress.com/top-cryptos-to-buy-right-now-arbitrum-render-tron-blockdag/,"4 Top Cryptos to Buy Right Now in June 2025: Arbitrum, Render, Tron, & BlockDAG!",7,1376,blockdag,Top Cryptos,delete_now,noindex,live indexable promo/shill-style article likely diluting editorial and index quality
P1,https://theccpress.com/axs-and-tia-price-charts-wobble-as-web3-ai-presale-surges/,AXS and TIA Price Charts Wobble as Web3 ai Presale Surges,6,1830,Web3 ai,presale,delete_now,noindex,live indexable promo/shill-style article likely diluting editorial and index quality
P1,https://theccpress.com/shib-rsi-hits-68-hbar-gains-12-but-blockdags-hackathon-makes-it-the-best-long-term-crypto/,"SHIB's RSI Climbs, HBAR Jumps 12%, But BlockDAG’s Hackathon Shows Why It’s the Best Long Term Crypto",6,1762,BlockDAG,Best Long Term Crypto,delete_now,noindex,live indexable promo/shill-style article likely diluting editorial and index quality
P1,https://theccpress.com/xrp-holds-above-2-tether-expands-reach-blockdags-nears-certik-audit-completion/,"XRP Breaks $2, Tether Expands into Law Enforcement, & BlockDAG’s Presale Hits $225M as CertiK Audit Nears Completion!",6,1761,BlockDAG,Presale,delete_now,noindex,live indexable promo/shill-style article likely diluting editorial and index quality
P1,https://theccpress.com/blockdag-hits-20-1b-coins-sold-as-solana-faces-centralization-in-2025/,BlockDAG vs Solana: Which Layer 1 Blockchain Is the Top Crypto to Watch in 2025?,5,1426,blockdag,Top Crypto,delete_now,noindex,live indexable promo/shill-style article likely diluting editorial and index quality
P1,https://theccpress.com/junes-breakout-coins-blockdag-bonk-shib-and-doge-in-focus/,"June 2025’s Top Crypto Projects: Why BlockDAG, Dogecoin, Shiba Inu, and Bonk Are Ready for Massive Growth!",5,1385,blockdag,Top Crypto,delete_now,noindex,live indexable promo/shill-style article likely diluting editorial and index quality
P1,https://theccpress.com/shib-soars-10-ltc-hits-98-and-blockdag-raises-240-5m-as-batch-28-approaches/,"SHIB Price Jumps 10%, LTC Hits $98, While BlockDAG Surpasses $240.5M With Batch 28 Nearing Sell Out",5,1299,blockdag,,delete_now,noindex,live indexable promo/shill-style article likely diluting editorial and index quality
P1,https://theccpress.com/4-best-cryptos-for-2025-blockdag-avalanche-solana-xrp-set-for-takeoff/,"The 4 Best Cryptos to Watch Now: Why BlockDAG, AVAX, SOL & XRP Could Explode in 2025",4,1948,blockdag,Watch Now,delete_now,noindex,live indexable promo/shill-style article likely diluting editorial and index quality
P1,https://theccpress.com/blockdag-raises-254-5m-outshines-polygon-and-rdac-as-top-long-term-crypto-to-buy-now/,Why BlockDAG’s $254.5M Raise Outranks Polygon’s Partnerships and RDAC’s Launch in Long-Term Crypto Race,4,1234,blockdag,to buy now,delete_now,noindex,live indexable promo/shill-style article likely diluting editorial and index quality
P1,https://theccpress.com/eth-struggles-under-2000-sui-tests-1-00-support-while-blockdags-400x-roi-opportunity-attract-millions/,"ETH Struggles Under $2,000, SUI Tests $1.00 Support, While BlockDAG’s 400x ROI Opportunity Attract Millions",4,1894,BlockDAG,400x,delete_now,noindex,live indexable promo/shill-style article likely diluting editorial and index quality
P1,https://theccpress.com/missed-early-doge-and-shib-blockdags-private-round-could-be-your-next-200x-opportunity/,Missed Early DOGE and SHIB? BlockDAG’s Private Round Could Be Your Next 200× Opportunity!,4,1917,BlockDAG,200x,delete_now,noindex,live indexable promo/shill-style article likely diluting editorial and index quality
P1,https://theccpress.com/monero-slides-ethena-stalls-while-blockdag-targets-400x-as-the-next-big-crypto-before-march-4/,"Monero Slides & Ethena Stalls, While BlockDAG Targets 400x as the Next Big Crypto Before March 4",4,1887,blockdag,400x,delete_now,noindex,live indexable promo/shill-style article likely diluting editorial and index quality
P1,https://theccpress.com/solanas-bearish-action-bnb-new-pattern-and-blockdags-nft-innovation/,"Hot Market Moves: BNB Targets $1,100, Solana Faces $13M Liquidation, and BlockDAG Unlocks NFT Minting! ",4,1364,BlockDAG,,delete_now,noindex,live indexable promo/shill-style article likely diluting editorial and index quality
P1,https://theccpress.com/the-presale-is-over-the-debate-is-on-can-blockdag-deliver-a-2000x-run-by-2026/,"The Presale Is Over, the Debate Is On: Can BlockDAG Deliver a 2,000x Run by 2026?",4,2248,blockdag,presale,delete_now,noindex,live indexable promo/shill-style article likely diluting editorial and index quality
P1,https://theccpress.com/blockdags-0-0018-price-ends-soon-as-avax-and-bch-surges/,BlockDAG’s $0.0018 Price Ends Soon as AVAX and BCH Surges,3,1741,BlockDAG,presale,delete_now,noindex,live indexable promo/shill-style article likely diluting editorial and index quality
P1,https://theccpress.com/blockdags-bwt-alpine-f1-deal-vs-hedera-breakout-and-solana-news/,BlockDAG’s BWT Alpine F1 Deal vs Hedera Breakout and Solana News,3,1758,BlockDAG,,delete_now,noindex,live indexable promo/shill-style article likely diluting editorial and index quality
P1,https://theccpress.com/blockdags-presale-nears-415m-while-doge-and-myx-struggle/,BlockDAG’s Presale Nears $415M While DOGE and MYX Struggle!,3,1737,BlockDAG,presale,delete_now,noindex,live indexable promo/shill-style article likely diluting editorial and index quality
P1,https://theccpress.com/inside-blockdag-the-376m-presale-layer-1-transforming-blockchain-launches/,Inside BlockDAG: The $376M+ Presale Layer-1 Transforming Blockchain Launches,3,1674,blockdag,presale,delete_now,noindex,live indexable promo/shill-style article likely diluting editorial and index quality
P1,https://theccpress.com/next-big-crypto-coins-blockdag-vechain-chainlink-ondo/,"Next Big Crypto Coins: BlockDAG, VeChain, Chainlink, Ondo",3,1732,blockdag,Next Big Crypto,delete_now,noindex,live indexable promo/shill-style article likely diluting editorial and index quality
P1,https://theccpress.com/pepe-gains-aave-dominates-defi-blockdag-lands-f1-deal/,"Pepe Gains, Aave Dominates DeFi, BlockDAG Lands F1® Deal!",3,1958,blockdag,top crypto,delete_now,noindex,live indexable promo/shill-style article likely diluting editorial and index quality
P1,https://theccpress.com/blockdag-surpasses-220m-as-buyer-battles-boost-demand-and-0-0025-price-reopens-final-access/,BlockDAG Presale Reaches $220M as Gamified Buyer Battles and Price Rollback Drive Last-Minute Surge,2,1794,blockdag,Presale,delete_now,noindex,live indexable promo/shill-style article likely diluting editorial and index quality
P1,https://theccpress.com/blockdags-5-bonus-turns-users-into-earners/,BlockDAG’s 5% Bonus Turns Users Into Earners,2,1745,BlockDAG,bonus,delete_now,noindex,live indexable promo/shill-style article likely diluting editorial and index quality
P1,https://theccpress.com/how-blockdags-376m-presale-momentum-could-make-it-the-biggest-layer-1-launch-in-seven-years/,BlockDAG: $376M Presale Powering the Next Big Layer 1 Launch,2,1954,BlockDAG,presale,delete_now,noindex,live indexable promo/shill-style article likely diluting editorial and index quality
P1,https://theccpress.com/top-trending-crypto-blockdag-leads-pump-fun-pump-bitcoin-hyperliquid-in-2025/,"Top Trending Crypto: BlockDAG Leads Pump.fun ($PUMP), Bitcoin & Hyperliquid in 2025",2,1945,blockdag,,delete_now,noindex,live indexable promo/shill-style article likely diluting editorial and index quality
P2,https://theccpress.com/analysts-predict-zkp-crypto-could-deliver-8000x-gains-as-kas-holds-range-xrp-trades-around-1-88-amid-slow-etf-flows/,"Analysts Predict ZKP Crypto Could Deliver 8,000x Gains as KAS Holds Range & XRP Trades Around $1.88 Amid Slow ETF Flows",4,1860,zkp,8000x,delete_now,noindex,live indexable promo/shill-style article likely diluting editorial and index quality
P2,https://theccpress.com/bearish-market-focus-zkp-crypto-bitcoin-hyper-mutuum-ranked-among-top-crypto-presales/,"Bearish Market Focus: ZKP Crypto, Bitcoin Hyper, & Mutuum Ranked Among Top Crypto Presales",4,2256,zkp,Top Crypto,delete_now,noindex,live indexable promo/shill-style article likely diluting editorial and index quality
P2,https://theccpress.com/top-altcoins-for-2025-why-unstaked-ethereum-dogecoin-xrp-are-gaining-momentum/,"Top Crypto for 2025: Why Unstaked, Ethereum, Dogecoin & XRP are Set to Dominate This Year",4,2119,unstaked,Top Crypto,delete_now,noindex,live indexable promo/shill-style article likely diluting editorial and index quality
P2,https://theccpress.com/top-presale-crypto-zkp-deepsnitch-ai-earnpark-bmic-shaping-early-access-trends/,"Top Presale Crypto: ZKP, DeepSnitch AI, EarnPark, BMIC Shaping Early Access Trends",4,1982,zkp,presale,delete_now,noindex,live indexable promo/shill-style article likely diluting editorial and index quality
P2,https://theccpress.com/unstaked-nears-10m-as-whale-accumulation-surges-in-midst-of-trx-and-hype-price-movements/,Whales Load Up on Unstaked Ahead of $10M Milestone as TRX Eyes Breakout and HYPE Explodes,4,1395,unstaked,best crypto,delete_now,noindex,live indexable promo/shill-style article likely diluting editorial and index quality
P2,https://theccpress.com/zkp-slashes-daily-supply-to-190m-coins-is-this-your-last-chance-to-score-8000x-roi/,ZKP Slashes Daily Supply to 190M Coins: Is This Your Last Chance to Score 8000x ROI?,4,1804,zkp,8000x,delete_now,noindex,live indexable promo/shill-style article likely diluting editorial and index quality
P2,https://theccpress.com/as-shib-climbs-and-2b-doge-is-accumulated-yet-cwts-6m-raised-and-referral-rewards-define-it-as-todays-top-pick/,"SHIB Breaks Out as Exchange Supply Drops, DOGE Whales Accumulate 2B , But Cold Wallet’s Referral Model Makes It the Best Crypto to Buy Right Now",3,1772,Cold Wallet,Best Crypto,delete_now,noindex,live indexable promo/shill-style article likely diluting editorial and index quality
P2,https://theccpress.com/the-100x-depin-giant-heres-why-zkp-is-outperforming-xrp-sol-with-its-industrial-hardware-foundation/,The 100x DePIN Giant: Here’s Why ZKP Is Outperforming XRP & SOL With Its Industrial Hardware Foundation!,3,2065,zkp,100x,delete_now,noindex,live indexable promo/shill-style article likely diluting editorial and index quality
P3,https://theccpress.com/10-best-cryptos-to-invest-in-2025-unsd-eth-sol-more/,"10 Best Cryptos to Invest in for 2025: Unstaked, Ethereum, and Solana Lead the Top 3 Among Seven Others",2,2103,Unstaked,to Invest in,delete_now,noindex,live indexable promo/shill-style article likely diluting editorial and index quality
P3,https://theccpress.com/avax-price-climbs-doge-eyes-etfs-web3-ai-emerges-with-12-ai-tools/,"AVAX Price Climbs, DOGE Eyes ETFs, Web3 ai Emerges with 12 AI Tools",2,1772,Web3 ai,top crypto,delete_now,noindex,live indexable promo/shill-style article likely diluting editorial and index quality
P3,https://theccpress.com/best-crypto-coins-to-buy-in-2025-wai-dot-link-ltc/,"Best Crypto Coins to Buy in 2025: WAI, DOT, LINK, & LTC",2,2001,Web3 ai,Best Crypto,delete_now,noindex,live indexable promo/shill-style article likely diluting editorial and index quality
P3,https://theccpress.com/best-crypto-presale-to-join-in-april-2025-qubetics-arweave-and-ethereum-latest-updates-expert-insights/,"Best Crypto Presale to Join In April 2025: Qubetics, Arweave, and Ethereum - Latest Updates & Expert Insights",2,2218,qubetics,presale,delete_now,noindex,live indexable promo/shill-style article likely diluting editorial and index quality
P3,https://theccpress.com/hedera-toncoin-and-cold-wallet-the-coins-poised-for-2025-gains/,"Hedera, Toncoin, and Cold Wallet: The Coins Poised for 2025 Gains",2,1686,Cold Wallet,Poised for 2025 Gains,delete_now,noindex,live indexable promo/shill-style article likely diluting editorial and index quality
P3,https://theccpress.com/qubetics-astra-and-injective-best-crypto-investment-opportunities-for-2025/,"Qubetics, Astra, and Injective: Best Crypto Investment Opportunities for 2025",2,2085,qubetics,Best Crypto,delete_now,noindex,live indexable promo/shill-style article likely diluting editorial and index quality
P3,https://theccpress.com/qubetics-litecoin-and-arweave-top-cryptos-to-invest-in-for-short-term-in-2025/,"Qubetics, Litecoin, and Arweave: Top Cryptos to Invest in for Short Term in 2025​",2,2202,qubetics,Top Cryptos,delete_now,noindex,live indexable promo/shill-style article likely diluting editorial and index quality
P3,https://theccpress.com/smart-props-sps-presale-tokenized-real-estate-100/,Smart Props Solution SPS Presale Brings Tokenized Real Estate From $100,2,1175,Smart Props,presale,delete_now,noindex,live indexable promo/shill-style article likely diluting editorial and index quality
P3,https://theccpress.com/sol-and-eth-pause-at-key-levels-while-zkp-crypto-becomes-the-top-crypto-to-watch-with-500x-forecast/,SOL and ETH Pause at Key Levels While ZKP Crypto Becomes the Top Crypto to Watch With 500x Forecast,2,2060,zkp,Top Crypto,delete_now,noindex,live indexable promo/shill-style article likely diluting editorial and index quality
P3,https://theccpress.com/top-performing-crypto-why-cold-wallet-tron-stellar-pepe-are-top-of-the-line-picks-for-2025/,"Top Performing Crypto: Why Cold Wallet, Tron, Stellar & Pepe are Top of the Line Picks for 2025​",2,2118,Cold Wallet,Top Performing Crypto,delete_now,noindex,live indexable promo/shill-style article likely diluting editorial and index quality
P3,https://theccpress.com/web3-ai-presale-climbs-shib-stalls-ltc-eyes-105-breakout/,"Web3 ai Presale Climbs, SHIB Stalls, LTC Eyes $105 Breakout",2,1632,Web3 ai,presale,delete_now,noindex,live indexable promo/shill-style article likely diluting editorial and index quality
P3,https://theccpress.com/zkp-eyes-1-7b-800x-roi-dogecoin-and-zcash-fight-for-stability/,Zero Knowledge Proof Targets 800x ROI & $1.7B Raise While Zcash and DOGE Falter,2,1932,zkp,roi,delete_now,noindex,live indexable promo/shill-style article likely diluting editorial and index quality
