Select all keywords,Keyword,Intent,Related %,Volume,Trend,Pot. Traffic,PKD %,KD %,CPC (USD),Com.,SERP Features,Results,Updated
damon darling net worth,damon darling net worth‚Äã,I,0,"22,200",,n/a,n/a,15,0.00,0.00,,477K,Last week
misha ezratti net worth,misha ezratti net worth‚Äã,I,0,"18,100",,n/a,n/a,13,0.00,0.00,,7.1K,Last week
violet myers net worth,violet myers net worth‚Äã,I,0,"12,100",,n/a,n/a,2,0.00,0.00,,59,2 weeks
kat timpf net worth,kat timpf net worth‚Äã,I,0,"9,900",,n/a,n/a,13,0.00,0.00,,141K,Last week
james woods net worth,james woods net worth‚Äã,I,0,"5,400",,n/a,n/a,15,0.00,0.00,,46.8M,2 weeks
wes watson net worth,wes watson net worth‚Äã,I,0,"5,400",,n/a,n/a,14,0.00,0.00,,1M,2 weeks
danny duncan net worth,danny duncan net worth‚Äã,I,0,"4,400",,n/a,n/a,14,0.00,0.00,+2,2.2M,2 weeks
slim thug net worth,slim thug net worth‚Äã,I,0,"4,400",,n/a,n/a,11,0.00,0.00,,364K,2 weeks
amy poehler net worth,amy poehler net worth‚Äã,I,0,"3,600",,n/a,n/a,14,0.00,0.00,,67,2 weeks
benny johnson net worth,benny johnson net worth‚Äã,I,0,"3,600",,n/a,n/a,12,0.00,0.00,,2.2M,Last week
bob seger net worth,bob seger net worth‚Äã,I,0,"3,600",,n/a,n/a,12,0.00,0.00,+2,266K,2 weeks
busta rhymes net worth,busta rhymes net worth‚Äã,I,0,"3,600",,n/a,n/a,13,0.00,0.00,+3,429K,2 weeks
chris stapleton net worth,chris stapleton net worth‚Äã,I,0,"3,600",,n/a,n/a,15,0.00,0.00,+2,76,2 weeks
cory chase net worth,cory chase net worth‚Äã,I,0,"3,600",,n/a,n/a,0,0.00,0.00,+2,53,Last week
damon darling net worth 2025,damon darling net worth 2025‚Äã,I,0,"3,600",,n/a,n/a,7,0.00,0.00,,268K,Last week
dan clancy net worth,dan clancy net worth‚Äã,I,0,"3,600",,n/a,n/a,1,0.00,0.00,,732K,Last week
dean withers net worth,dean withers net worth‚Äã,I,0,"3,600",,n/a,n/a,9,0.00,0.00,,395K,2 weeks
don baskin net worth,don baskin net worth‚Äã,I,0,"3,600",,n/a,n/a,1,0.00,0.00,,786K,Last week
funnymike net worth,funnymike net worth‚Äã,I,0,"3,600",,n/a,n/a,12,0.00,0.00,,79,2 weeks
haiden deegan net worth,haiden deegan net worth‚Äã,I,0,"3,600",,n/a,n/a,1,0.00,0.00,,12.3K,2 weeks
jon taffer net worth,jon taffer net worth‚Äã,I,0,"3,600",,n/a,n/a,12,0.00,0.00,,75,Last week
kevin gates net worth 2025,kevin gates net worth 2025‚Äã,I,0,"3,600",,n/a,n/a,13,0.00,0.00,,5.3M,2 weeks
lil meech net worth,lil meech net worth‚Äã,I,0,"3,600",,n/a,n/a,12,0.00,0.00,,58K,Last week
narendra modi net worth 2025,narendra modi net worth 2025‚Äã,I,0,"3,600",,n/a,n/a,12,0.00,0.33,,3.7M,2 weeks
travis pastrana net worth,travis pastrana net worth‚Äã,I,0,"3,600",,n/a,n/a,15,0.00,0.00,,21.6K,2 weeks
yungblud net worth,yungblud net worth‚Äã,I,0,"3,600",,n/a,n/a,13,0.00,0.00,+2,188K,Last week
abella danger net worth,abella danger net worth‚Äã,I,0,"2,900",,n/a,n/a,10,0.00,0.00,,69,Last week
babyface net worth,babyface net worth‚Äã,I,0,"2,900",,n/a,n/a,12,0.00,0.00,,1.6M,2 weeks
bob baffert net worth,bob baffert net worth‚Äã,I,0,"2,900",,n/a,n/a,13,0.00,0.00,,16.8K,2 weeks
bob ross net worth,bob ross net worth‚Äã,I,0,"2,900",,n/a,n/a,11,0.00,0.00,,85,2 weeks
brandon lake net worth,brandon lake net worth‚Äã,I,0,"2,900",,n/a,n/a,7,0.00,0.00,+2,3.5K,Last week
carl reiner net worth,carl reiner net worth‚Äã,I,0,"2,900",,n/a,n/a,15,0.00,0.00,+2,370K,Last week
david hasselhoff net worth,david hasselhoff net worth‚Äã,I,0,"2,900",,n/a,n/a,14,0.00,0.00,,116K,2 weeks
garrett clark net worth,garrett clark net worth‚Äã,I,0,"2,900",,n/a,n/a,13,0.00,0.00,+3,400,Last week
gary brecka net worth,gary brecka net worth‚Äã,I,0,"2,900",,n/a,n/a,15,8.44,0.01,,30K,Last week
gunna net worth,gunna net worth‚Äã,I,0,"2,900",,n/a,n/a,10,0.00,0.00,+2,1.8M,2 weeks
harold ford jr net worth,harold ford jr net worth‚Äã,I,0,"2,900",,n/a,n/a,14,0.00,0.00,,2.4M,2 weeks
jessie murph net worth,jessie murph net worth‚Äã,I,0,"2,900",,n/a,n/a,14,0.00,0.00,,94.6K,2 weeks
justine bateman net worth,justine bateman net worth‚Äã,I,0,"2,900",,n/a,n/a,15,0.00,0.00,,90.5K,2 weeks
kandi burruss net worth 2025,kandi burruss net worth 2025‚Äã,I,0,"2,900",,n/a,n/a,13,0.00,0.00,,17.3K,2 weeks
kevin knasel net worth,kevin knasel net worth‚Äã,I,0,"2,900",,n/a,n/a,0,0.00,0.00,,8,2 weeks
kyle forgeard net worth,kyle forgeard net worth‚Äã,I,0,"2,900",,n/a,n/a,15,0.00,0.00,,5.1K,2 weeks
lucas black net worth,lucas black net worth‚Äã,I,0,"2,900",,n/a,n/a,15,0.00,0.00,,75,2 weeks
misty copeland net worth,misty copeland net worth‚Äã,I,0,"2,900",,n/a,n/a,9,0.00,0.00,,182K,Last week
morris chestnut net worth,morris chestnut net worth‚Äã,I,0,"2,900",,n/a,n/a,13,0.00,0.00,+2,1M,2 weeks
nikki sixx net worth,nikki sixx net worth‚Äã,I,0,"2,900",,n/a,n/a,12,0.00,0.00,+2,182K,Last week
randy travis net worth,randy travis net worth‚Äã,I,0,"2,900",,n/a,n/a,11,0.00,0.00,+3,2M,Last week
sal khan net worth,sal khan net worth‚Äã,I,0,"2,900",,n/a,n/a,13,0.00,0.00,,71,2 weeks
tia mowry net worth,tia mowry net worth‚Äã,I,0,"2,900",,n/a,n/a,13,0.00,0.00,+2,181K,2 weeks
trick daddy net worth,trick daddy net worth‚Äã,I,0,"2,900",,n/a,n/a,11,0.00,0.00,,74,2 weeks
al green congressman net worth,al green congressman net worth‚Äã,I,0,"2,400",,n/a,n/a,13,0.00,0.00,,1.4M,Last week
al green net worth,al green net worth‚Äã,I,0,"2,400",,n/a,n/a,13,0.00,0.00,,647M,2 weeks
alan dershowitz net worth,alan dershowitz net worth‚Äã,I,0,"2,400",,n/a,n/a,13,0.00,0.00,,64K,Last week
amy carter net worth,amy carter net worth‚Äã,I,0,"2,400",,n/a,n/a,6,0.00,0.00,,6.5M,Last week
ari fletcher net worth,ari fletcher net worth‚Äã,I,0,"2,400",,n/a,n/a,15,0.00,0.00,,446K,2 weeks
ari kytsya net worth,ari kytsya net worth‚Äã,I,0,"2,400",,n/a,n/a,8,0.00,0.00,,58.9K,Last week
big x the plug net worth,big x the plug net worth‚Äã,I,0,"2,400",,n/a,n/a,2,0.00,0.00,,55.5M,2 weeks
christopher lloyd net worth,christopher lloyd net worth‚Äã,I,0,"2,400",,n/a,n/a,13,0.00,0.00,,6.9M,2 weeks
dan schneider net worth,dan schneider net worth‚Äã,I,0,"2,400",,n/a,n/a,13,0.00,0.00,,5.6M,Last week
dj akademiks net worth,dj akademiks net worth‚Äã,I,0,"2,400",,n/a,n/a,12,0.00,0.00,,109K,Last week
ella langley net worth,ella langley net worth‚Äã,I,0,"2,400",,n/a,n/a,13,0.00,0.00,+3,1.1M,Last week
fanum net worth,fanum net worth‚Äã,I,0,"2,400",,n/a,n/a,13,0.00,0.00,+2,61.4K,Last week
forest whitaker net worth,forest whitaker net worth‚Äã,I,0,"2,400",,n/a,n/a,14,0.00,0.00,,1M,2 weeks
forrest frank net worth,forrest frank net worth‚Äã,I,0,"2,400",,n/a,n/a,15,0.00,0.00,,51,Last week
hasbulla net worth,hasbulla net worth‚Äã,I,0,"2,400",,n/a,n/a,13,0.00,0.00,+2,90,2 weeks
juelz santana net worth,juelz santana net worth‚Äã,I,0,"2,400",,n/a,n/a,15,0.00,0.00,,40.7K,Last week
jurnee smollett net worth,jurnee smollett net worth‚Äã,I,0,"2,400",,n/a,n/a,13,0.00,0.00,+2,72,2 weeks
kelly loeffler net worth,kelly loeffler net worth‚Äã,I,0,"2,400",,n/a,n/a,15,0.00,0.00,,260K,2 weeks
kim cattrall net worth,kim cattrall net worth‚Äã,I,0,"2,400",,n/a,n/a,15,0.00,0.00,,79,2 weeks
kim fields net worth,kim fields net worth‚Äã,I,0,"2,400",,n/a,n/a,15,0.00,0.00,,34.2M,Last week
linda ronstadt net worth,linda ronstadt net worth‚Äã,I,0,"2,400",,n/a,n/a,12,0.00,0.00,,306K,2 weeks
lisa boothe net worth,lisa boothe net worth‚Äã,I,0,"2,400",,n/a,n/a,12,0.00,0.00,,149K,2 weeks
mark levin net worth,mark levin net worth‚Äã,I,0,"2,400",,n/a,n/a,11,0.00,0.00,,5.6M,2 weeks
martin scorsese net worth,martin scorsese net worth‚Äã,I,0,"2,400",,n/a,n/a,14,0.00,0.00,,978K,2 weeks
matthew schissler net worth,matthew schissler net worth‚Äã,I,0,"2,400",,n/a,n/a,12,0.00,0.00,,22.9K,Last week
melissa sue anderson net worth,melissa sue anderson net worth‚Äã,I,0,"2,400",,n/a,n/a,11,0.00,0.00,,1.5M,Last week
net worth of french montana,net worth of french montana‚Äã,I,0,"2,400",,n/a,n/a,15,0.00,0.00,,9.4M,2 weeks
patricia richardson net worth,patricia richardson net worth‚Äã,I,0,"2,400",,n/a,n/a,13,0.00,0.00,,2.3M,2 weeks
pit bulls net worth,pit bulls net worth‚Äã,I,0,"2,400",,n/a,n/a,15,0.00,0.00,,65,2 weeks
rl stine net worth,rl stine net worth‚Äã,I,0,"2,400",,n/a,n/a,15,0.00,0.00,,141K,Last week
sauce walka net worth,sauce walka net worth‚Äã,I,0,"2,400",,n/a,n/a,13,0.00,0.00,,67,2 weeks
sean duffy net worth,sean duffy net worth‚Äã,I,0,"2,400",,n/a,n/a,13,0.00,0.00,,1.1M,2 weeks
sean hayes net worth,sean hayes net worth‚Äã,I,0,"2,400",,n/a,n/a,13,0.00,0.00,,2.8M,2 weeks
sukihana net worth,sukihana net worth‚Äã,I,0,"2,400",,n/a,n/a,14,0.00,0.00,,14.2K,2 weeks
tee grizzley net worth,tee grizzley net worth‚Äã,I,0,"2,400",,n/a,n/a,13,0.00,0.00,,68,Last week
the kid laroi net worth,the kid laroi net worth‚Äã,I,0,"2,400",,n/a,n/a,9,0.00,0.00,,239K,Last week
adam devine net worth,adam devine net worth‚Äã,I,0,"1,900",,n/a,n/a,8,0.00,0.00,,n/a,1 month
alyson hannigan net worth,alyson hannigan net worth‚Äã,I,0,"1,900",,n/a,n/a,15,0.00,0.00,,n/a,1 month
andre harrell net worth,andre harrell net worth‚Äã,I,0,"1,900",,n/a,n/a,8,0.00,0.00,,189K,2 weeks
andrea bocelli net worth,andrea bocelli net worth‚Äã,I,0,"1,900",,n/a,n/a,14,0.00,0.00,,n/a,1 month
andrew santino net worth,andrew santino net worth‚Äã,I,0,"1,900",,n/a,n/a,0,0.00,0.00,,145K,1 month
ant anstead net worth,ant anstead net worth‚Äã,I,0,"1,900",,n/a,n/a,12,0.00,0.00,,83,1 month
antonio banderas net worth,antonio banderas net worth‚Äã,I,0,"1,900",,n/a,n/a,11,0.00,0.00,,81,1 month
ashlee simpson net worth,ashlee simpson net worth‚Äã,I,0,"1,900",,n/a,n/a,15,0.00,0.00,,179K,1 month
baby face net worth 2023,baby face net worth 2023‚Äã,I,0,"1,900",,n/a,n/a,11,0.00,0.00,,n/a,1 month
barry williams net worth,barry williams net worth‚Äã,I,0,"1,900",,n/a,n/a,13,0.00,0.00,,22.4M,1 month
ben azelart net worth,ben azelart net worth‚Äã,I,0,"1,900",,n/a,n/a,8,0.00,0.00,,9.5K,1 month
ben crump net worth,ben crump net worth‚Äã,I,0,"1,900",,n/a,n/a,10,0.00,0.00,,70,1 month
bretman rock net worth,bretman rock net worth‚Äã,I,0,"1,900",,n/a,n/a,15,0.00,0.00,,23.1K,1 month
c-murder net worth,c-murder net worth‚Äã,I,0,"1,900",,n/a,n/a,14,0.00,0.00,,n/a,1 month
charlie hunnam net worth,charlie hunnam net worth‚Äã,I,0,"1,900",,n/a,n/a,12,0.00,0.00,,78,1 month
chloe bailey net worth,chloe bailey net worth‚Äã,I,0,"1,900",,n/a,n/a,15,0.00,0.00,,n/a,1 month
coi leray net worth,coi leray net worth‚Äã,I,0,"1,900",,n/a,n/a,12,0.00,0.00,,71,1 month
dana carvey net worth,dana carvey net worth‚Äã,I,0,"1,900",,n/a,n/a,12,0.00,0.00,,19.4K,1 month
erik prince net worth,erik prince net worth‚Äã,I,0,"1,900",,n/a,n/a,14,0.00,0.00,,69,Last week
eugenio derbez net worth,eugenio derbez net worth‚Äã,I,0,"1,900",,n/a,n/a,15,0.00,0.00,,84,2 weeks
gavin adcock net worth,gavin adcock net worth‚Äã,I,0,"1,900",,n/a,n/a,10,0.00,0.00,,48.8K,Last week
glacier wrestler net worth,glacier wrestler net worth‚Äã,I,0,"1,900",,n/a,n/a,9,0.00,0.00,,77.3K,1 month
gotye net worth,gotye net worth‚Äã,I,0,"1,900",,n/a,n/a,15,0.00,0.00,,26.3K,2 weeks
hannah barron net worth,hannah barron net worth‚Äã,I,0,"1,900",,n/a,n/a,14,0.00,0.00,,60,2 weeks
heidi gardner net worth,heidi gardner net worth‚Äã,I,0,"1,900",,n/a,n/a,14,0.00,0.00,,n/a,1 month
james gandolfini net worth,james gandolfini net worth‚Äã,I,0,"1,900",,n/a,n/a,14,0.00,0.00,,104K,3 weeks
james may net worth,james may net worth‚Äã,I,0,"1,900",,n/a,n/a,12,0.00,0.00,,480K,4 weeks
jason chaffetz net worth,jason chaffetz net worth‚Äã,I,0,"1,900",,n/a,n/a,12,0.00,0.00,,n/a,1 month
jay shetty net worth,jay shetty net worth‚Äã,I,0,"1,900",,n/a,n/a,10,0.00,0.00,,770K,3 weeks
jeff kinney net worth,jeff kinney net worth‚Äã,I,0,"1,900",,n/a,n/a,12,0.00,0.00,,500K,4 weeks
jett puckett net worth,jett puckett net worth‚Äã,I,0,"1,900",,n/a,n/a,0,0.00,0.00,,80,1 month
jimmy failla net worth,jimmy failla net worth‚Äã,I,0,"1,900",,n/a,n/a,2,0.00,0.00,,n/a,1 month
josh hawley net worth,josh hawley net worth‚Äã,I,0,"1,900",,n/a,n/a,14,0.00,0.00,,n/a,1 month
joy taylor net worth,joy taylor net worth‚Äã,I,0,"1,900",,n/a,n/a,10,0.00,0.00,,77,1 month
justin nunley net worth,justin nunley net worth‚Äã,I,0,"1,900",,n/a,n/a,9,0.00,0.00,,63,3 weeks
kat stickler net worth,kat stickler net worth‚Äã,I,0,"1,900",,n/a,n/a,11,0.00,0.00,,27K,3 weeks
kenny loggins net worth,kenny loggins net worth‚Äã,I,0,"1,900",,n/a,n/a,13,0.00,0.00,,n/a,1 month
kimberly guilfoyle net worth,kimberly guilfoyle net worth‚Äã,I,0,"1,900",,n/a,n/a,10,0.00,0.00,,n/a,1 month
krystiana tiana net worth,krystiana tiana net worth‚Äã,I,0,"1,900",,n/a,n/a,14,0.00,0.00,,2.7K,2 weeks
lala kent net worth,lala kent net worth‚Äã,I,0,"1,900",,n/a,n/a,14,0.00,0.00,,300K,1 month
lauren alaina net worth,lauren alaina net worth‚Äã,I,0,"1,900",,n/a,n/a,12,0.00,0.00,+2,71,Last week
linda evans net worth,linda evans net worth‚Äã,I,0,"1,900",,n/a,n/a,12,0.00,0.00,,5.1M,1 month
lorenzo lamas net worth,lorenzo lamas net worth‚Äã,I,0,"1,900",,n/a,n/a,12,0.00,0.00,+2,30.8K,3 weeks
marisa tomei net worth,marisa tomei net worth‚Äã,I,0,"1,900",,n/a,n/a,15,0.00,0.00,,n/a,1 month
matthew lawrence net worth,matthew lawrence net worth‚Äã,I,0,"1,900",,n/a,n/a,11,0.00,0.00,,28.4M,1 month
melanie lynskey net worth,melanie lynskey net worth‚Äã,I,0,"1,900",,n/a,n/a,14,0.00,0.00,,106,Last week
mike judge net worth,mike judge net worth‚Äã,I,0,"1,900",,n/a,n/a,14,0.00,0.00,,77,4 weeks
nala ray net worth,nala ray net worth‚Äã,I,0,"1,900",,n/a,n/a,0,0.00,0.00,,47.5K,1 month
nancy cartwright net worth,nancy cartwright net worth‚Äã,I,0,"1,900",,n/a,n/a,14,0.00,0.00,,638K,1 month
net worth ja rule,net worth ja rule‚Äã,I,0,"1,900",,n/a,n/a,13,0.00,0.00,+2,82,1 month
net worth theboringmagazine,net worth theboringmagazine‚Äã,I,0,"1,900",,n/a,n/a,5,0.00,0.00,,6.6K,2 weeks
parker posey net worth,parker posey net worth‚Äã,I,0,"1,900",,n/a,n/a,14,0.00,0.00,,304K,2 weeks
patrick renna net worth,patrick renna net worth‚Äã,I,0,"1,900",,n/a,n/a,13,0.00,0.00,,25.5K,1 month
rex linn net worth,rex linn net worth‚Äã,I,0,"1,900",,n/a,n/a,14,0.00,0.00,,n/a,1 month
richard karn net worth,richard karn net worth‚Äã,I,0,"1,900",,n/a,n/a,14,0.00,0.00,,86.6K,1 month
rick astley net worth,rick astley net worth‚Äã,I,0,"1,900",,n/a,n/a,10,0.00,0.00,,70.5K,1 month
rick springfield net worth,rick springfield net worth‚Äã,I,0,"1,900",,n/a,n/a,14,0.00,0.00,,78,1 month
riley green net worth,riley green net worth‚Äã,I,0,"1,900",,n/a,n/a,14,0.00,0.00,+2,28.9M,1 month
robert wagner net worth,robert wagner net worth‚Äã,I,0,"1,900",,n/a,n/a,14,0.00,0.00,,75,1 month
robin givens net worth,robin givens net worth‚Äã,I,0,"1,900",,n/a,n/a,14,0.00,0.00,+2,76,1 month
sebastian bach net worth,sebastian bach net worth‚Äã,I,0,"1,900",,n/a,n/a,11,0.00,0.00,+2,715K,Last week
shawn ryan net worth,shawn ryan net worth‚Äã,I,0,"1,900",,n/a,n/a,11,0.00,0.00,,7.4M,1 month
sheryl sandberg net worth,sheryl sandberg net worth‚Äã,I,0,"1,900",,n/a,n/a,14,0.00,0.00,+2,270K,Last week
shirley maclaine net worth,shirley maclaine net worth‚Äã,I,0,"1,900",,n/a,n/a,14,0.00,0.00,+2,74,3 weeks
sketch net worth,sketch net worth‚Äã,I,0,"1,900",,n/a,n/a,14,0.00,0.00,+3,80,1 month
sofia franklyn net worth,sofia franklyn net worth‚Äã,I,0,"1,900",,n/a,n/a,13,0.00,0.00,,86,2 weeks
steve wilkos net worth,steve wilkos net worth‚Äã,I,0,"1,900",,n/a,n/a,14,0.00,0.00,,66,1 month
taylor momsen net worth,taylor momsen net worth‚Äã,I,0,"1,900",,n/a,n/a,14,0.00,0.00,,81,1 month
tom cotton net worth,tom cotton net worth‚Äã,I,0,"1,900",,n/a,n/a,13,0.00,0.00,,70,1 month
tom schwartz net worth,tom schwartz net worth‚Äã,I,0,"1,900",,n/a,n/a,14,0.00,0.00,,6.7M,1 month
topher grace net worth,topher grace net worth‚Äã,I,0,"1,900",,n/a,n/a,14,0.00,0.00,,77,2 weeks
trey gowdy net worth,trey gowdy net worth‚Äã,I,0,"1,900",,n/a,n/a,14,0.00,0.00,,n/a,1 month
tyla net worth,tyla net worth‚Äã,I,0,"1,900",,n/a,n/a,12,0.00,0.00,,1.8M,1 month
alan tudyk net worth,alan tudyk net worth‚Äã,I,0,"1,600",,n/a,n/a,15,0.00,0.00,,n/a,1 month
andy frisella net worth,andy frisella net worth‚Äã,I,0,"1,600",,n/a,n/a,11,1.92,0.01,,n/a,1 month
aretha franklin net worth,aretha franklin net worth‚Äã,I,0,"1,600",,n/a,n/a,11,0.00,0.00,,813K,Last week
becky g net worth,becky g net worth‚Äã,I,0,"1,600",,n/a,n/a,12,0.00,0.00,+2,4.9M,3 weeks
benji madden net worth,benji madden net worth‚Äã,I,0,"1,600",,n/a,n/a,15,0.00,0.00,,25.4K,2 weeks
bill dunn net worth,bill dunn net worth‚Äã,I,0,"1,600",,n/a,n/a,13,0.00,0.00,,3.6M,2 weeks
bossman dlow net worth,bossman dlow net worth‚Äã,I,0,"1,600",,n/a,n/a,12,0.00,0.00,,125K,1 month
brett gardner net worth,brett gardner net worth‚Äã,I,0,"1,600",,n/a,n/a,12,0.00,0.00,,817K,1 month
bridget fonda net worth,bridget fonda net worth‚Äã,I,0,"1,600",,n/a,n/a,14,0.00,0.00,,n/a,1 month
brooke burns net worth,brooke burns net worth‚Äã,I,0,"1,600",,n/a,n/a,14,0.00,0.00,,1.4M,1 month
casey affleck net worth,casey affleck net worth‚Äã,I,0,"1,600",,n/a,n/a,14,0.00,0.00,,91,1 month
chris noth net worth,chris noth net worth‚Äã,I,0,"1,600",,n/a,n/a,15,0.00,0.00,,66,2 weeks
christian slater net worth,christian slater net worth‚Äã,I,0,"1,600",,n/a,n/a,11,0.00,0.00,,78,1 month
clifton davis net worth,clifton davis net worth‚Äã,I,0,"1,600",,n/a,n/a,12,0.00,0.00,,74,1 month
cole sprouse net worth,cole sprouse net worth‚Äã,I,0,"1,600",,n/a,n/a,13,0.00,0.00,,125K,1 month
damon darling net worth oil rig,damon darling net worth oil rig‚Äã,I,0,"1,600",,n/a,n/a,0,0.00,0.00,,100,1 month
dave coulier net worth,dave coulier net worth‚Äã,I,0,"1,600",,n/a,n/a,13,0.00,0.00,,8K,1 month
dave franco net worth,dave franco net worth‚Äã,I,0,"1,600",,n/a,n/a,15,0.00,0.00,,71,1 month
david rubenstein net worth,david rubenstein net worth‚Äã,I,0,"1,600",,n/a,n/a,14,0.00,0.00,,76,2 weeks
dee snider net worth,dee snider net worth‚Äã,I,0,"1,600",,n/a,n/a,10,0.00,0.00,+2,232K,1 month
denis leary net worth,denis leary net worth‚Äã,I,0,"1,600",,n/a,n/a,12,0.00,0.00,,370K,2 weeks
eric church net worth,eric church net worth‚Äã,I,0,"1,600",,n/a,n/a,14,0.00,0.00,,29.8M,2 weeks
eve plumb net worth,eve plumb net worth‚Äã,I,0,"1,600",,n/a,n/a,8,0.00,0.00,,221K,4 weeks
fred savage net worth,fred savage net worth‚Äã,I,0,"1,600",,n/a,n/a,11,0.00,0.00,,2.1M,1 month
geddy lee net worth,geddy lee net worth‚Äã,I,0,"1,600",,n/a,n/a,14,0.00,0.00,+2,86,1 month
hailie deegan net worth,hailie deegan net worth‚Äã,I,0,"1,600",,n/a,n/a,15,0.00,0.00,,8K,1 month
hudson mcleroy net worth,hudson mcleroy net worth‚Äã,I,0,"1,600",,n/a,n/a,9,0.00,0.00,,66,1 month
husband yasmine bleeth net worth,husband yasmine bleeth net worth‚Äã,I,0,"1,600",,n/a,n/a,0,0.00,0.00,,11.8K,1 month
john macarthur net worth,john macarthur net worth‚Äã,I,0,"1,600",,n/a,n/a,14,0.00,0.00,+2,74,1 month
josh radnor net worth,josh radnor net worth‚Äã,I,0,"1,600",,n/a,n/a,13,0.00,0.00,,61.5K,1 month
kalee rogers net worth,kalee rogers net worth‚Äã,I,0,"1,600",,n/a,n/a,0,0.00,0.00,,6.7K,1 month
karissa stevens net worth,karissa stevens net worth‚Äã,IC,0,"1,600",,n/a,n/a,4,0.00,0.00,,42.9K,2 weeks
kenny g net worth,kenny g net worth‚Äã,I,0,"1,600",,n/a,n/a,14,0.00,0.00,,74,1 month
kerry earnhardt net worth,kerry earnhardt net worth‚Äã,I,0,"1,600",,n/a,n/a,15,0.00,0.00,,n/a,1 month
lena the plug net worth,lena the plug net worth‚Äã,I,0,"1,600",,n/a,n/a,12,0.00,0.00,,481K,2 weeks
lil man j net worth,lil man j net worth‚Äã,I,0,"1,600",,n/a,n/a,11,0.00,0.00,,76,1 month
lisa murkowski net worth,lisa murkowski net worth‚Äã,I,0,"1,600",,n/a,n/a,13,0.00,0.00,,73.4K,3 weeks
mark normand net worth,mark normand net worth‚Äã,I,0,"1,600",,n/a,n/a,8,0.00,0.00,,67,1 month
matt walsh net worth,matt walsh net worth‚Äã,I,0,"1,600",,n/a,n/a,14,0.00,0.00,+3,3.5M,3 weeks
mike shinoda net worth,mike shinoda net worth‚Äã,I,0,"1,600",,n/a,n/a,12,0.00,0.00,,34.7K,1 month
mystikal net worth,mystikal net worth‚Äã,I,0,"1,600",,n/a,n/a,15,0.00,0.00,,66,1 month
nancy grace net worth,nancy grace net worth‚Äã,I,0,"1,600",,n/a,n/a,11,0.00,0.00,,7.2M,2 weeks
net worth kat dennings,net worth kat dennings‚Äã,I,0,"1,600",,n/a,n/a,12,0.00,0.00,+2,42.9K,1 month
net worth of glenn beck,net worth of glenn beck‚Äã,I,0,"1,600",,n/a,n/a,15,0.00,0.00,,43,2 weeks
nick eh 30 net worth,nick eh 30 net worth‚Äã,I,0,"1,600",,n/a,n/a,14,0.00,0.00,,1.8M,4 weeks
nicole richie net worth,nicole richie net worth‚Äã,I,0,"1,600",,n/a,n/a,15,0.00,0.00,,n/a,1 month
niecy nash net worth,niecy nash net worth‚Äã,IC,0,"1,600",,n/a,n/a,12,0.00,0.00,,22.5K,2 weeks
omar fateh net worth,omar fateh net worth‚Äã,I,0,"1,600",,n/a,n/a,11,0.00,0.00,,80,1 month
oz pearlman net worth,oz pearlman net worth‚Äã,I,0,"1,600",,n/a,n/a,13,0.00,0.00,,16.3K,2 weeks
patti stanger net worth,patti stanger net worth‚Äã,I,0,"1,600",,n/a,n/a,14,0.00,0.00,+2,85,2 weeks
phoebe cates net worth,phoebe cates net worth‚Äã,I,0,"1,600",,n/a,n/a,15,0.00,0.00,,94.7K,2 weeks
rami malek net worth,rami malek net worth‚Äã,I,0,"1,600",,n/a,n/a,14,0.00,0.00,,76,2 weeks
rose bundy net worth,rose bundy net worth‚Äã,I,0,"1,600",,n/a,n/a,7,0.00,0.00,,547K,2 weeks
ryan stiles net worth,ryan stiles net worth‚Äã,I,0,"1,600",,n/a,n/a,15,0.00,0.00,,418K,Last week
salish matter net worth,salish matter net worth‚Äã,I,0,"1,600",,n/a,n/a,11,0.00,0.00,,336K,1 month
scott wolf net worth,scott wolf net worth‚Äã,I,0,"1,600",,n/a,n/a,15,0.00,0.00,+2,22.1M,1 month
shelley long net worth,shelley long net worth‚Äã,I,0,"1,600",,n/a,n/a,14,0.00,0.00,,6.8M,2 weeks
stevie j producer net worth,stevie j producer net worth‚Äã,I,0,"1,600",,n/a,n/a,12,0.00,0.00,,47,1 month
stunna girl net worth,stunna girl net worth‚Äã,I,0,"1,600",,n/a,n/a,12,0.00,0.00,,75,4 weeks
susan olsen net worth,susan olsen net worth‚Äã,I,0,"1,600",,n/a,n/a,14,0.00,0.00,,472K,2 weeks
tom arnold net worth,tom arnold net worth‚Äã,I,0,"1,600",,n/a,n/a,8,0.00,0.00,,84,1 month
tom girardi net worth,tom girardi net worth‚Äã,I,0,"1,600",,n/a,n/a,14,0.00,0.00,,78,Last week
tony shalhoub net worth,tony shalhoub net worth‚Äã,I,0,"1,600",,n/a,n/a,13,0.00,0.00,,70,2 weeks
tpain net worth,tpain net worth‚Äã,I,0,"1,600",,n/a,n/a,11,0.00,0.00,,452K,2 weeks
victor davis hanson net worth,victor davis hanson net worth‚Äã,I,0,"1,600",,n/a,n/a,0,0.00,0.00,,54,3 weeks
wack 100 net worth,wack 100 net worth‚Äã,I,0,"1,600",,n/a,n/a,8,0.00,0.00,,n/a,1 month
what is julie banderas net worth,what is julie banderas net worth‚Äã,I,0,"1,600",,n/a,n/a,7,0.00,0.00,,n/a,1 month
xxxtentacion net worth,xxxtentacion net worth‚Äã,I,0,"1,600",,n/a,n/a,12,0.00,0.00,+2,375K,2 weeks
zach galifianakis net worth,zach galifianakis net worth‚Äã,I,0,"1,600",,n/a,n/a,10,0.00,0.00,+2,158K,Last week
akaash singh net worth,akaash singh net worth‚Äã,I,0,"1,300",,n/a,n/a,9,0.00,0.00,,2.6M,1 month
andrew zimmern net worth,andrew zimmern net worth‚Äã,I,0,"1,300",,n/a,n/a,14,0.00,0.00,,56,2 weeks
anthony bourdain net worth,anthony bourdain net worth‚Äã,I,0,"1,300",,n/a,n/a,13,0.00,0.00,,339K,1 month
anthony hsieh net worth,anthony hsieh net worth‚Äã,I,0,"1,300",,n/a,n/a,8,0.00,0.00,,295K,2 weeks
anthony templet net worth,anthony templet net worth‚Äã,I,0,"1,300",,n/a,n/a,11,0.00,0.00,,7.1K,1 month
at what net worth do i need a trust,at what net worth do i need a trust‚Äã,I,0,"1,300",,n/a,n/a,8,1.80,0.22,,612M,2 weeks
ben savage net worth,ben savage net worth‚Äã,I,0,"1,300",,n/a,n/a,15,0.00,0.00,,5.8M,1 month
bradley martyn net worth,bradley martyn net worth‚Äã,I,0,"1,300",,n/a,n/a,9,0.00,0.00,+2,304K,2 weeks
brent rivera net worth,brent rivera net worth‚Äã,I,0,"1,300",,n/a,n/a,8,0.00,0.00,,84.8K,1 month
brian shaw net worth,brian shaw net worth‚Äã,I,0,"1,300",,n/a,n/a,10,0.00,0.00,+2,5.9M,Last week
buzz aldrin net worth,buzz aldrin net worth‚Äã,I,0,"1,300",,n/a,n/a,15,0.00,0.00,,87,1 month
candice bergen net worth,candice bergen net worth‚Äã,I,0,"1,300",,n/a,n/a,14,0.00,0.00,,116K,2 weeks
carole king net worth,carole king net worth‚Äã,I,0,"1,300",,n/a,n/a,14,0.00,0.00,,2.3M,1 month
catherine paiz net worth,catherine paiz net worth‚Äã,I,0,"1,300",,n/a,n/a,13,0.00,0.00,,25.2K,1 month
cazzu net worth,cazzu net worth‚Äã,I,0,"1,300",,n/a,n/a,5,0.00,0.00,,28.4K,1 month
celina powell net worth,celina powell net worth‚Äã,I,0,"1,300",,n/a,n/a,14,0.00,0.00,+2,218K,2 weeks
christine baranski net worth,christine baranski net worth‚Äã,I,0,"1,300",,n/a,n/a,8,0.00,0.00,,82,3 weeks
crispin glover net worth,crispin glover net worth‚Äã,I,0,"1,300",,n/a,n/a,15,0.00,0.00,,88,3 weeks
dan reynolds net worth,dan reynolds net worth‚Äã,I,0,"1,300",,n/a,n/a,15,0.00,0.00,+3,7M,Last week
david allan coe net worth,david allan coe net worth‚Äã,I,0,"1,300",,n/a,n/a,11,0.00,0.00,,62,4 weeks
david attenborough net worth,david attenborough net worth‚Äã,I,0,"1,300",,n/a,n/a,15,0.00,0.00,,992K,2 weeks
david cross net worth,david cross net worth‚Äã,I,0,"1,300",,n/a,n/a,14,0.00,0.00,,73,1 month
deiondra sanders net worth,deiondra sanders net worth‚Äã,I,0,"1,300",,n/a,n/a,15,0.00,0.00,,2.2K,2 weeks
don rickles net worth,don rickles net worth‚Äã,I,0,"1,300",,n/a,n/a,15,0.00,0.00,,39K,1 month
donna douglas net worth,donna douglas net worth‚Äã,I,0,"1,300",,n/a,n/a,14,0.00,0.00,,2.4M,3 weeks
ed sullivan net worth,ed sullivan net worth‚Äã,I,0,"1,300",,n/a,n/a,6,0.00,0.00,,74,4 weeks
emily ratajkowski net worth,emily ratajkowski net worth‚Äã,I,0,"1,300",,n/a,n/a,13,0.00,0.00,,220K,2 weeks
florence pugh net worth,florence pugh net worth‚Äã,I,0,"1,300",,n/a,n/a,15,0.00,0.00,,893K,2 weeks
g eazy net worth,g eazy net worth‚Äã,I,0,"1,300",,n/a,n/a,12,0.00,0.00,,69,1 month
grace charis net worth,grace charis net worth‚Äã,I,0,"1,300",,n/a,n/a,0,0.00,0.00,,n/a,1 month
greg norman net worth,greg norman net worth‚Äã,I,0,"1,300",,n/a,n/a,14,0.00,0.00,,272K,1 month
harry diamond net worth,harry diamond net worth‚Äã,I,0,"1,300",,n/a,n/a,14,0.00,0.00,,69,Last week
high net worth divorce,high net worth divorce‚Äã,I,0,"1,300",,n/a,n/a,10,5.64,0.11,,122,1 month
high net worth divorce attorney,high net worth divorce attorney‚Äã,I,0,"1,300",,n/a,n/a,1,9.91,0.25,,18.5M,4 weeks
high net worth insurance,high net worth insurance‚Äã,I,0,"1,300",,n/a,n/a,8,10.40,0.33,,606M,1 month
howie roseman net worth,howie roseman net worth‚Äã,I,0,"1,300",,n/a,n/a,8,0.00,0.00,,80,1 month
huey lewis net worth,huey lewis net worth‚Äã,I,0,"1,300",,n/a,n/a,14,0.00,0.00,,505K,2 weeks
james garner net worth,james garner net worth‚Äã,I,0,"1,300",,n/a,n/a,14,0.00,0.00,,2.6M,1 month
james kennedy net worth,james kennedy net worth‚Äã,I,0,"1,300",,n/a,n/a,14,0.00,0.00,,79,4 weeks
jann mardenborough net worth,jann mardenborough net worth‚Äã,I,0,"1,300",,n/a,n/a,8,0.00,0.00,,7.5K,1 month
jenna marbles net worth,jenna marbles net worth‚Äã,I,0,"1,300",,n/a,n/a,14,0.00,0.00,+2,98.4K,2 weeks
jennifer welch net worth,jennifer welch net worth‚Äã,I,0,"1,300",,n/a,n/a,12,0.00,0.00,,n/a,1 month
jimmy connors net worth,jimmy connors net worth‚Äã,I,0,"1,300",,n/a,n/a,8,0.00,0.00,,65,1 month
john lithgow net worth,john lithgow net worth‚Äã,I,0,"1,300",,n/a,n/a,15,0.00,0.00,,263K,3 weeks
jop net worth,jop net worth‚Äã,I,0,"1,300",,n/a,n/a,9,0.00,0.00,,366K,3 weeks
josh connor financier net worth,josh connor financier net worth‚Äã,I,0,"1,300",,n/a,n/a,11,0.00,0.00,,70,1 month
josh johnson net worth,josh johnson net worth‚Äã,I,0,"1,300",,n/a,n/a,12,0.00,0.00,,30.5M,4 weeks
jos√© bast√≥n net worth,jos√© bast√≥n net worth‚Äã,I,0,"1,300",,n/a,n/a,14,0.00,0.00,,65.1K,1 month
judith light net worth,judith light net worth‚Äã,I,0,"1,300",,n/a,n/a,13,0.00,0.00,,2.8M,1 month
julianne moore net worth,julianne moore net worth‚Äã,I,0,"1,300",,n/a,n/a,13,0.00,0.00,,647K,2 weeks
kaitlan collins net worth,kaitlan collins net worth‚Äã,I,0,"1,300",,n/a,n/a,15,0.00,0.00,+2,259K,Last week
kali uchis net worth,kali uchis net worth‚Äã,I,0,"1,300",,n/a,n/a,13,0.00,0.00,+3,239K,Last week
karan aujla net worth,karan aujla net worth‚Äã,I,0,"1,300",,n/a,n/a,13,0.00,0.00,,142K,2 weeks
keisha combs net worth,keisha combs net worth‚Äã,I,0,"1,300",,n/a,n/a,0,0.00,0.00,,34.3K,Last week
keyshia ka oir net worth,keyshia ka oir net worth‚Äã,I,0,"1,300",,n/a,n/a,14,0.00,0.00,+2,4.9K,1 month
kim reynolds net worth,kim reynolds net worth‚Äã,I,0,"1,300",,n/a,n/a,13,0.00,0.00,,83,2 weeks
kirstie alley net worth,kirstie alley net worth‚Äã,I,0,"1,300",,n/a,n/a,13,0.00,0.00,,30.5K,1 month
laura dern net worth,laura dern net worth‚Äã,I,0,"1,300",,n/a,n/a,15,0.01,0.00,,86,2 weeks
laura prepon net worth,laura prepon net worth‚Äã,I,0,"1,300",,n/a,n/a,14,0.00,0.00,,13.7K,1 month
maneet chauhan net worth,maneet chauhan net worth‚Äã,I,0,"1,300",,n/a,n/a,7,0.00,0.00,,59,3 weeks
marty raney net worth,marty raney net worth‚Äã,I,0,"1,300",,n/a,n/a,10,0.00,0.00,,24.3K,2 weeks
mattress mack net worth,mattress mack net worth‚Äã,I,0,"1,300",,n/a,n/a,13,0.00,0.00,,92,4 weeks
max thieriot net worth,max thieriot net worth‚Äã,I,0,"1,300",,n/a,n/a,12,0.00,0.00,,12.2K,4 weeks
michael shannon net worth,michael shannon net worth‚Äã,I,0,"1,300",,n/a,n/a,12,0.00,0.00,,14.5M,1 month
michael waltz net worth,michael waltz net worth‚Äã,I,0,"1,300",,n/a,n/a,12,0.00,0.00,,72,4 weeks
michele lamy net worth,michele lamy net worth‚Äã,I,0,"1,300",,n/a,n/a,12,0.00,0.00,,22.2K,2 weeks
milburn stone net worth,milburn stone net worth‚Äã,I,0,"1,300",,n/a,n/a,3,0.00,0.00,,57,2 weeks
milo ventimiglia net worth,milo ventimiglia net worth‚Äã,I,0,"1,300",,n/a,n/a,13,0.00,0.00,,n/a,1 month
nancy mckeon net worth,nancy mckeon net worth‚Äã,I,0,"1,300",,n/a,n/a,7,0.00,0.00,,130K,1 month
net worth dave hester,net worth dave hester‚Äã,I,0,"1,300",,n/a,n/a,13,0.00,0.00,,n/a,1 month
net worth negatives nyt,net worth negatives nyt‚Äã,I,0,"1,300",,n/a,n/a,6,0.00,0.00,,5.4K,1 month
net worth of jadakiss,net worth of jadakiss‚Äã,I,0,"1,300",,n/a,n/a,15,0.00,0.00,,n/a,1 month
net worth of juan gabriel,net worth of juan gabriel‚Äã,I,0,"1,300",,n/a,n/a,12,0.00,0.00,,6.5M,3 weeks
net worth timbaland,net worth timbaland‚Äã,I,0,"1,300",,n/a,n/a,12,0.00,0.00,,63K,1 month
ohgeesy net worth,ohgeesy net worth‚Äã,I,0,"1,300",,n/a,n/a,10,0.00,0.00,+2,69,1 month
pacman jones net worth,pacman jones net worth‚Äã,I,0,"1,300",,n/a,n/a,13,0.00,0.00,,n/a,1 month
paul walker net worth,paul walker net worth‚Äã,I,0,"1,300",,n/a,n/a,15,0.00,0.00,+3,69.6M,2 weeks
paulina porizkova net worth,paulina porizkova net worth‚Äã,I,0,"1,300",,n/a,n/a,11,0.00,0.00,,6.5K,4 weeks
peter frampton net worth,peter frampton net worth‚Äã,I,0,"1,300",,n/a,n/a,11,0.00,0.00,,312K,2 weeks
peyton list net worth,peyton list net worth‚Äã,I,0,"1,300",,n/a,n/a,15,0.00,0.00,,2.3M,3 weeks
philip michael thomas net worth,philip michael thomas net worth‚Äã,I,0,"1,300",,n/a,n/a,13,0.00,0.00,+3,31.1M,Last week
rev run net worth,rev run net worth‚Äã,I,0,"1,300",,n/a,n/a,14,0.00,0.00,,72.5M,1 month
richard dawson net worth,richard dawson net worth‚Äã,I,0,"1,300",,n/a,n/a,15,0.00,0.00,,3.4M,3 weeks
rob thomas net worth,rob thomas net worth‚Äã,I,0,"1,300",,n/a,n/a,9,0.00,0.00,,75.5M,1 month
rob zombie net worth,rob zombie net worth‚Äã,I,0,"1,300",,n/a,n/a,15,0.00,0.00,,1.1M,1 month
robert englund net worth,robert englund net worth‚Äã,I,0,"1,300",,n/a,n/a,9,0.00,0.00,,81,1 month
rodney dangerfield net worth,rodney dangerfield net worth‚Äã,I,0,"1,300",,n/a,n/a,13,0.00,0.00,,80,1 month
rodney rogers net worth,rodney rogers net worth‚Äã,I,0,"1,300",,n/a,n/a,10,0.00,0.00,,74,1 month
romeo santos net worth,romeo santos net worth‚Äã,I,0,"1,300",,n/a,n/a,15,0.00,0.00,+2,1.3M,2 weeks
ross perot net worth at death,ross perot net worth at death‚Äã,I,0,"1,300",,n/a,n/a,15,0.00,0.00,,9K,1 month
rudy ruettiger net worth,rudy ruettiger net worth‚Äã,I,0,"1,300",,n/a,n/a,8,0.00,0.00,,1.6K,1 month
sawyer hemsley net worth,sawyer hemsley net worth‚Äã,I,0,"1,300",,n/a,n/a,10,0.00,0.00,,19K,4 weeks
scott caan net worth,scott caan net worth‚Äã,I,0,"1,300",,n/a,n/a,15,0.00,0.00,,68,1 month
slick rick net worth,slick rick net worth‚Äã,I,0,"1,300",,n/a,n/a,13,0.00,0.00,,75,1 month
sombr net worth,sombr net worth‚Äã,I,0,"1,300",,n/a,n/a,10,0.00,0.00,+3,226K,3 weeks
thomas j henry net worth,thomas j henry net worth‚Äã,I,0,"1,300",,n/a,n/a,12,44.46,0.09,,75,1 month
tom berenger net worth,tom berenger net worth‚Äã,I,0,"1,300",,n/a,n/a,14,0.00,0.00,,39.4K,2 weeks
tom lee net worth,tom lee net worth‚Äã,I,0,"1,300",,n/a,n/a,13,0.00,0.00,,68,3 weeks
tony dow net worth,tony dow net worth‚Äã,I,0,"1,300",,n/a,n/a,12,0.00,0.00,,1.4M,1 month
trevor wallace net worth,trevor wallace net worth‚Äã,I,0,"1,300",,n/a,n/a,11,0.00,0.00,,1.1M,4 weeks
turner kufe net worth,turner kufe net worth‚Äã,I,0,"1,300",,n/a,n/a,10,0.00,0.00,,n/a,1 month
wyclef jean net worth,wyclef jean net worth‚Äã,I,0,"1,300",,n/a,n/a,15,0.00,0.00,+2,143K,2 weeks
zach cox net worth,zach cox net worth‚Äã,I,0,"1,300",,n/a,n/a,8,0.00,0.00,+2,867K,Last week
42 dugg net worth,42 dugg net worth‚Äã,I,0,"1,000",,n/a,n/a,14,0.00,0.00,,72,1 month
andrea canning net worth,andrea canning net worth‚Äã,I,0,"1,000",,n/a,n/a,15,0.00,0.00,,68,1 month
andrew east net worth,andrew east net worth‚Äã,I,0,"1,000",,n/a,n/a,13,0.00,0.00,,54.7M,1 month
andrew young net worth,andrew young net worth‚Äã,I,0,"1,000",,n/a,n/a,10,0.00,0.00,,n/a,1 month
anna congdon net worth,anna congdon net worth‚Äã,I,0,"1,000",,n/a,n/a,12,0.00,0.00,,19.8K,1 month
ashley moody net worth,ashley moody net worth‚Äã,I,0,"1,000",,n/a,n/a,7,0.00,0.00,,62,1 month
bailee madison net worth,bailee madison net worth‚Äã,I,0,"1,000",,n/a,n/a,10,0.00,0.00,,66.6K,1 month
ben meiselas net worth,ben meiselas net worth‚Äã,I,0,"1,000",,n/a,n/a,0,0.00,0.00,,12.9K,1 month
bernice burgos net worth,bernice burgos net worth‚Äã,I,0,"1,000",,n/a,n/a,14,0.00,0.00,,73,1 month
bobby massie net worth,bobby massie net worth‚Äã,I,0,"1,000",,n/a,n/a,11,0.00,0.00,,91,1 month
boomer esiason net worth,boomer esiason net worth‚Äã,I,0,"1,000",,n/a,n/a,15,0.00,0.00,,76,1 month
brandy and billy net worth,brandy and billy net worth‚Äã,I,0,"1,000",,n/a,n/a,5,0.00,0.00,,41,1 month
brenda lee net worth,brenda lee net worth‚Äã,I,0,"1,000",,n/a,n/a,10,0.00,0.00,,4.3M,3 weeks
bretman net worth,bretman net worth‚Äã,I,0,"1,000",,n/a,n/a,9,0.00,0.00,,61,1 month
brett cooper net worth,brett cooper net worth‚Äã,I,0,"1,000",,n/a,n/a,9,0.00,0.00,,3M,1 month
brittany renner net worth,brittany renner net worth‚Äã,I,0,"1,000",,n/a,n/a,12,0.00,0.00,,75,1 month
bun b net worth,bun b net worth‚Äã,I,0,"1,000",,n/a,n/a,12,0.00,0.00,,12.3M,1 month
cat stevens net worth,cat stevens net worth‚Äã,I,0,"1,000",,n/a,n/a,13,0.00,0.00,,3M,2 weeks
chad hurley net worth,chad hurley net worth‚Äã,I,0,"1,000",,n/a,n/a,15,0.00,0.00,,445K,Last week
christopher briney net worth,christopher briney net worth‚Äã,I,0,"1,000",,n/a,n/a,9,0.00,0.00,,51.6K,1 month
claudia sheinbaum net worth,claudia sheinbaum net worth‚Äã,I,0,"1,000",,n/a,n/a,14,0.00,0.00,,102K,4 weeks
cody johnson net worth,cody johnson net worth‚Äã,I,0,"1,000",,n/a,n/a,13,0.00,0.00,,5.4M,1 month
comedian mike epps net worth,comedian mike epps net worth‚Äã,I,0,"1,000",,n/a,n/a,14,0.00,0.00,,n/a,1 month
craig conover net worth 2025,craig conover net worth 2025‚Äã,I,0,"1,000",,n/a,n/a,14,0.00,0.00,,53,1 month
damon darling net worth 2024,damon darling net worth 2024‚Äã,I,0,"1,000",,n/a,n/a,0,0.00,0.00,,194K,1 month
dan katz net worth,dan katz net worth‚Äã,I,0,"1,000",,n/a,n/a,11,0.00,0.00,,3.2M,2 weeks
debbe dunning net worth,debbe dunning net worth‚Äã,I,0,"1,000",,n/a,n/a,15,0.00,0.00,,5.4K,3 weeks
deshae frost net worth,deshae frost net worth‚Äã,I,0,"1,000",,n/a,n/a,9,0.00,0.00,,25.5K,2 weeks
ej tackett net worth,ej tackett net worth‚Äã,I,0,"1,000",,n/a,n/a,9,0.00,0.00,,60,Last week
elisabeth shue net worth,elisabeth shue net worth‚Äã,I,0,"1,000",,n/a,n/a,11,0.00,0.00,,112,1 month
ella mai net worth,ella mai net worth‚Äã,I,0,"1,000",,n/a,n/a,11,0.00,0.00,,1.2M,2 weeks
ellie goulding net worth,ellie goulding net worth‚Äã,I,0,"1,000",,n/a,n/a,12,0.00,0.00,,79,4 weeks
emelia hartford net worth,emelia hartford net worth‚Äã,I,0,"1,000",,n/a,n/a,9,0.00,0.00,,51,4 weeks
emily vancamp net worth,emily vancamp net worth‚Äã,I,0,"1,000",,n/a,n/a,13,0.00,0.00,,32.6K,1 month
erica banks net worth,erica banks net worth‚Äã,I,0,"1,000",,n/a,n/a,12,0.00,0.00,,1.8M,1 month
ethan cutkosky net worth,ethan cutkosky net worth‚Äã,I,0,"1,000",,n/a,n/a,9,0.00,0.00,+2,60,4 weeks
faizon love net worth,faizon love net worth‚Äã,I,0,"1,000",,n/a,n/a,11,0.00,0.00,+2,88,1 month
fouseytube net worth,fouseytube net worth‚Äã,I,0,"1,000",,n/a,n/a,12,0.00,0.00,,49,2 weeks
frank stallone net worth,frank stallone net worth‚Äã,IC,0,"1,000",,n/a,n/a,14,0.00,0.00,,409K,2 weeks
fuerza regida net worth,fuerza regida net worth‚Äã,I,0,"1,000",,n/a,n/a,8,0.00,0.00,,227K,4 weeks
gillian anderson net worth,gillian anderson net worth‚Äã,I,0,"1,000",,n/a,n/a,13,0.00,0.00,,78,2 weeks
giovanni ribisi net worth,giovanni ribisi net worth‚Äã,I,0,"1,000",,n/a,n/a,13,0.00,0.00,,12.7K,4 weeks
harry connick jr net worth,harry connick jr net worth‚Äã,I,0,"1,000",,n/a,n/a,10,0.00,0.00,,54.6K,1 month
hayden panettiere net worth,hayden panettiere net worth‚Äã,I,0,"1,000",,n/a,n/a,14,0.00,0.00,,39.1K,2 weeks
heather thomas net worth,heather thomas net worth‚Äã,I,0,"1,000",,n/a,n/a,13,0.00,0.00,,3.7M,3 weeks
henry cho net worth,henry cho net worth‚Äã,I,0,"1,000",,n/a,n/a,9,0.00,0.00,,3.5M,1 month
henry rollins net worth,henry rollins net worth‚Äã,I,0,"1,000",,n/a,n/a,12,0.00,0.00,,652K,1 month
hilary farr net worth,hilary farr net worth‚Äã,I,0,"1,000",,n/a,n/a,14,0.00,0.00,,54.4K,1 month
jack hartmann net worth,jack hartmann net worth‚Äã,I,0,"1,000",,n/a,n/a,14,0.00,0.00,,637K,1 month
jack johnson net worth,jack johnson net worth‚Äã,I,0,"1,000",,n/a,n/a,14,0.00,0.00,,106M,1 month
jacksepticeye net worth,jacksepticeye net worth‚Äã,I,0,"1,000",,n/a,n/a,14,0.00,0.00,+2,33K,3 weeks
jake auchincloss net worth,jake auchincloss net worth‚Äã,I,0,"1,000",,n/a,n/a,14,0.00,0.00,,5.2K,3 weeks
james lankford net worth,james lankford net worth‚Äã,I,0,"1,000",,n/a,n/a,14,0.00,0.00,,199K,2 weeks
jason hoppy net worth,jason hoppy net worth‚Äã,I,0,"1,000",,n/a,n/a,9,0.00,0.00,,82,4 weeks
jason luv net worth,jason luv net worth‚Äã,I,0,"1,000",,n/a,n/a,11,0.00,0.00,,686K,1 month
jay cinco net worth,jay cinco net worth‚Äã,IC,0,"1,000",,n/a,n/a,12,0.00,0.00,,432K,1 month
jay mohr net worth,jay mohr net worth‚Äã,I,0,"1,000",,n/a,n/a,12,0.00,0.00,,90,1 month
jenna elfman net worth,jenna elfman net worth‚Äã,I,0,"1,000",,n/a,n/a,11,0.00,0.00,,83,3 weeks
jerry lewis net worth,jerry lewis net worth‚Äã,I,0,"1,000",,n/a,n/a,9,0.00,0.00,,10.2M,2 weeks
jim farley net worth,jim farley net worth‚Äã,I,0,"1,000",,n/a,n/a,8,0.00,0.00,,60,1 month
joan jett net worth,joan jett net worth‚Äã,I,0,"1,000",,n/a,n/a,11,0.00,0.00,+2,63,3 weeks
jody glidden net worth,jody glidden net worth‚Äã,I,0,"1,000",,n/a,n/a,14,0.00,0.00,,n/a,1 month
john c reilly net worth,john c reilly net worth‚Äã,I,0,"1,000",,n/a,n/a,10,0.00,0.00,,7.9M,1 month
john cerasani net worth,john cerasani net worth‚Äã,I,0,"1,000",,n/a,n/a,15,0.00,0.00,+2,62,1 month
john janssen net worth,john janssen net worth‚Äã,I,0,"1,000",,n/a,n/a,10,0.00,0.00,,1.5M,2 weeks
john malkovich net worth,john malkovich net worth‚Äã,I,0,"1,000",,n/a,n/a,12,0.00,0.00,,85,1 month
john salley net worth,john salley net worth‚Äã,I,0,"1,000",,n/a,n/a,14,0.00,0.00,,73,1 month
johnnie cochran net worth,johnnie cochran net worth‚Äã,I,0,"1,000",,n/a,n/a,9,0.00,0.00,,64,2 weeks
jordan cameron net worth,jordan cameron net worth‚Äã,I,0,"1,000",,n/a,n/a,13,0.00,0.00,,7.8M,4 weeks
joyner lucas net worth,joyner lucas net worth‚Äã,I,0,"1,000",,n/a,n/a,15,0.00,0.00,,216K,4 weeks
juan ibarra net worth,juan ibarra net worth‚Äã,I,0,"1,000",,n/a,n/a,0,0.00,0.00,,491K,1 month
junior h net worth,junior h net worth‚Äã,I,0,"1,000",,n/a,n/a,8,0.00,0.00,,244M,1 month
k camp net worth,k camp net worth‚Äã,I,0,"1,000",,n/a,n/a,12,0.00,0.00,,106M,2 weeks
karen grassle net worth,karen grassle net worth‚Äã,I,0,"1,000",,n/a,n/a,10,0.00,0.00,+2,9.9K,1 month
kate jackson net worth,kate jackson net worth‚Äã,I,0,"1,000",,n/a,n/a,12,0.00,0.00,,21.9M,Last week
katharine ross net worth,katharine ross net worth‚Äã,I,0,"1,000",,n/a,n/a,14,0.00,0.00,,521K,2 weeks
ken osmond net worth,ken osmond net worth‚Äã,I,0,"1,000",,n/a,n/a,11,0.00,0.00,,92.1K,1 month
kendall gray net worth,kendall gray net worth‚Äã,I,0,"1,000",,n/a,n/a,12,0.00,0.00,,5.2M,1 month
kevin sussman net worth,kevin sussman net worth‚Äã,I,0,"1,000",,n/a,n/a,11,0.00,0.00,,70,2 weeks
lalo gone brazy net worth,lalo gone brazy net worth‚Äã,I,0,"1,000",,n/a,n/a,0,0.00,0.00,,816,4 weeks
lanie gardner net worth,lanie gardner net worth‚Äã,I,0,"1,000",,n/a,n/a,13,0.00,0.00,,18.9K,1 month
lark voorhies net worth,lark voorhies net worth‚Äã,I,0,"1,000",,n/a,n/a,15,0.00,0.00,,13K,3 weeks
laufey net worth,laufey net worth‚Äã,I,0,"1,000",,n/a,n/a,9,0.00,0.00,,507K,3 weeks
leslie abramson net worth,leslie abramson net worth‚Äã,I,0,"1,000",,n/a,n/a,15,0.00,0.00,,116K,1 month
leslie charleson net worth,leslie charleson net worth‚Äã,I,0,"1,000",,n/a,n/a,11,0.00,0.00,+2,10.8K,1 month
letoya luckett net worth,letoya luckett net worth‚Äã,I,0,"1,000",,n/a,n/a,15,0.00,0.00,+2,9.1K,Last week
lil mosey net worth,lil mosey net worth‚Äã,I,0,"1,000",,n/a,n/a,12,0.00,0.00,,26.1K,3 weeks
lil skies net worth,lil skies net worth‚Äã,I,0,"1,000",,n/a,n/a,13,0.00,0.00,,68,1 month
lillo brancato net worth,lillo brancato net worth‚Äã,I,0,"1,000",,n/a,n/a,11,0.00,0.00,,2K,2 weeks
linda blair net worth,linda blair net worth‚Äã,I,0,"1,000",,n/a,n/a,12,0.00,0.00,,68,Last week
lisa frank net worth,lisa frank net worth‚Äã,I,0,"1,000",,n/a,n/a,14,0.00,0.00,,62,1 month
lisa mcclain net worth,lisa mcclain net worth‚Äã,I,0,"1,000",,n/a,n/a,13,0.00,0.00,,499K,1 month
lupillo rivera net worth,lupillo rivera net worth‚Äã,I,0,"1,000",,n/a,n/a,14,0.00,0.00,,4.9K,1 month
lynn whitfield net worth,lynn whitfield net worth‚Äã,I,0,"1,000",,n/a,n/a,13,0.00,0.00,,345K,2 weeks
maisie williams net worth,maisie williams net worth‚Äã,I,0,"1,000",,n/a,n/a,13,0.00,0.00,,73,1 month
marian croak net worth,marian croak net worth‚Äã,I,0,"1,000",,n/a,n/a,11,0.00,0.00,,n/a,1 month
mark knopfler net worth,mark knopfler net worth‚Äã,I,0,"1,000",,n/a,n/a,10,0.00,0.00,+2,52.7K,1 month
mark meadows net worth,mark meadows net worth‚Äã,I,0,"1,000",,n/a,n/a,10,0.00,0.00,,44,4 weeks
mason thames net worth,mason thames net worth‚Äã,I,0,"1,000",,n/a,n/a,5,0.00,0.00,,77,3 weeks
mat armstrong net worth,mat armstrong net worth‚Äã,I,0,"1,000",,n/a,n/a,11,0.00,0.00,,79,1 month
matt bomer net worth,matt bomer net worth‚Äã,I,0,"1,000",,n/a,n/a,13,0.00,0.00,,65.7K,3 weeks
melody shari net worth,melody shari net worth‚Äã,I,0,"1,000",,n/a,n/a,13,0.00,0.00,,190K,4 weeks
michael pe√±a net worth,michael pe√±a net worth‚Äã,I,0,"1,000",,n/a,n/a,13,0.00,0.00,+2,4.7M,1 month
michael waltrip net worth,michael waltrip net worth‚Äã,I,0,"1,000",,n/a,n/a,14,0.00,0.00,,195K,2 weeks
mike posner net worth,mike posner net worth‚Äã,I,0,"1,000",,n/a,n/a,9,0.00,0.00,,69,1 month
naomi watts net worth,naomi watts net worth‚Äã,I,0,"1,000",,n/a,n/a,12,0.00,0.00,,72,4 weeks
net worth james arness,net worth james arness‚Äã,I,0,"1,000",,n/a,n/a,12,0.00,0.00,,70.1K,1 month
net worth john madden,net worth john madden‚Äã,I,0,"1,000",,n/a,n/a,14,0.00,0.00,,74,1 month
net worth of rickey smiley,net worth of rickey smiley‚Äã,I,0,"1,000",,n/a,n/a,11,0.00,0.00,,57,1 month
net worth of steve wilkos,net worth of steve wilkos‚Äã,I,0,"1,000",,n/a,n/a,14,0.00,0.00,,43,1 month
net worth sebastian bach,net worth sebastian bach‚Äã,I,0,"1,000",,n/a,n/a,11,0.00,0.00,,786K,4 weeks
ng slots net worth,ng slots net worth‚Äã,I,0,"1,000",,n/a,n/a,8,0.00,0.00,,2.1M,2 weeks
nick freitas net worth,nick freitas net worth‚Äã,I,0,"1,000",,n/a,n/a,7,0.00,0.00,,n/a,1 month
nicole flenory net worth,nicole flenory net worth‚Äã,I,0,"1,000",,n/a,n/a,5,0.00,0.00,,n/a,1 month
noah kahan net worth,noah kahan net worth‚Äã,I,0,"1,000",,n/a,n/a,10,0.00,0.00,,48,1 month
octavia spencer net worth,octavia spencer net worth‚Äã,I,0,"1,000",,n/a,n/a,12,0.00,0.00,,180,1 month
oksana baiul net worth,oksana baiul net worth‚Äã,I,0,"1,000",,n/a,n/a,13,0.00,0.00,,3.1K,3 weeks
park seo joon net worth,park seo joon net worth‚Äã,IC,0,"1,000",,n/a,n/a,13,0.00,0.00,,93,1 month
patricia arquette net worth,patricia arquette net worth‚Äã,I,0,"1,000",,n/a,n/a,11,0.00,0.00,,147K,4 weeks
patrick cutler net worth,patrick cutler net worth‚Äã,I,0,"1,000",,n/a,n/a,5,0.00,0.00,,66,1 month
paul rodriguez net worth,paul rodriguez net worth‚Äã,I,0,"1,000",,n/a,n/a,14,0.00,0.00,,21.7M,4 weeks
paul wesley net worth,paul wesley net worth‚Äã,IC,0,"1,000",,n/a,n/a,13,0.00,0.00,,13.2M,2 weeks
pepe aguilar net worth,pepe aguilar net worth‚Äã,I,0,"1,000",,n/a,n/a,8,0.00,0.00,,76,3 weeks
peter berg net worth,peter berg net worth‚Äã,I,0,"1,000",,n/a,n/a,15,0.00,0.00,,2.6M,3 weeks
peter krause net worth,peter krause net worth‚Äã,I,0,"1,000",,n/a,n/a,13,0.00,0.00,,1.4M,2 weeks
peter lynch net worth,peter lynch net worth‚Äã,I,0,"1,000",,n/a,n/a,15,0.00,0.00,,8.1M,2 weeks
peter mcmahon net worth,peter mcmahon net worth‚Äã,I,0,"1,000",,n/a,n/a,9,0.00,0.00,,2.2M,1 month
peter palandjian net worth,peter palandjian net worth‚Äã,I,0,"1,000",,n/a,n/a,15,0.00,0.00,,2.3K,4 weeks
property brothers net worth,property brothers net worth‚Äã,I,0,"1,000",,n/a,n/a,13,0.00,0.00,,87,1 month
rauw alejandro net worth,rauw alejandro net worth‚Äã,I,0,"1,000",,n/a,n/a,8,0.00,0.00,,77,1 month
rick beato net worth,rick beato net worth‚Äã,I,0,"1,000",,n/a,n/a,10,0.00,0.00,,39,2 weeks
robert fuller net worth,robert fuller net worth‚Äã,I,0,"1,000",,n/a,n/a,11,0.00,0.00,,n/a,1 month
robert townsend net worth,robert townsend net worth‚Äã,I,0,"1,000",,n/a,n/a,12,0.00,0.00,,84,1 month
rocky kanaka net worth,rocky kanaka net worth‚Äã,I,0,"1,000",,n/a,n/a,10,0.00,0.00,,57,1 month
rodney mullen net worth,rodney mullen net worth‚Äã,I,0,"1,000",,n/a,n/a,15,0.00,0.00,,75,1 month
rosanna scotto net worth,rosanna scotto net worth‚Äã,I,0,"1,000",,n/a,n/a,11,0.00,0.00,,3.4K,4 weeks
rosie perez net worth,rosie perez net worth‚Äã,I,0,"1,000",,n/a,n/a,13,0.00,0.00,,78,1 month
sammy sosa net worth,sammy sosa net worth‚Äã,I,0,"1,000",,n/a,n/a,13,0.00,0.00,,81,1 month
santiago matias net worth,santiago matias net worth‚Äã,I,0,"1,000",,n/a,n/a,14,0.00,0.00,,n/a,1 month
sean gilmartin net worth,sean gilmartin net worth‚Äã,I,0,"1,000",,n/a,n/a,9,0.00,0.00,,71,1 month
shanna moakler net worth,shanna moakler net worth‚Äã,I,0,"1,000",,n/a,n/a,11,0.00,0.00,,70,1 month
shayne topp net worth,shayne topp net worth‚Äã,I,0,"1,000",,n/a,n/a,5,0.00,0.00,,52,4 weeks
shigeru miyamoto net worth,shigeru miyamoto net worth‚Äã,I,0,"1,000",,n/a,n/a,14,0.00,0.00,,21.9K,1 month
shin lim net worth,shin lim net worth‚Äã,I,0,"1,000",,n/a,n/a,10,0.00,0.00,,2.9M,2 weeks
shirley temple net worth,shirley temple net worth‚Äã,I,0,"1,000",,n/a,n/a,15,0.00,0.00,,1.6M,2 weeks
simon pegg net worth,simon pegg net worth‚Äã,I,0,"1,000",,n/a,n/a,8,0.00,0.00,,74,4 weeks
sky bri net worth,sky bri net worth‚Äã,I,0,"1,000",,n/a,n/a,1,0.00,0.00,+3,1.6M,3 weeks
stephanie soo net worth,stephanie soo net worth‚Äã,I,0,"1,000",,n/a,n/a,10,0.00,0.00,+2,839K,1 month
steven yeun net worth,steven yeun net worth‚Äã,I,0,"1,000",,n/a,n/a,8,0.00,0.00,,88,4 weeks
symone sanders net worth,symone sanders net worth‚Äã,I,0,"1,000",,n/a,n/a,5,0.00,0.00,,57,1 month
sypherpk net worth,sypherpk net worth‚Äã,IC,0,"1,000",,n/a,n/a,11,0.00,0.00,,5.4K,2 weeks
sza net worth 2025,sza net worth 2025‚Äã,I,0,"1,000",,n/a,n/a,15,0.00,0.00,,2.8M,4 weeks
taylor tomlinson net worth,taylor tomlinson net worth‚Äã,I,0,"1,000",,n/a,n/a,15,0.00,0.00,,1.2M,1 month
thomas keller net worth,thomas keller net worth‚Äã,I,0,"1,000",,n/a,n/a,11,0.00,0.00,,6.3M,2 weeks
tia kemp net worth,tia kemp net worth‚Äã,I,0,"1,000",,n/a,n/a,6,0.00,0.00,,132K,3 weeks
tim leissner net worth,tim leissner net worth‚Äã,I,0,"1,000",,n/a,n/a,11,0.00,0.00,,4.4K,4 weeks
tim matheson net worth,tim matheson net worth‚Äã,I,0,"1,000",,n/a,n/a,13,0.00,0.00,,380K,2 weeks
tommy tuberville net worth,tommy tuberville net worth‚Äã,I,0,"1,000",,n/a,n/a,14,0.00,0.00,,51,1 month
tony allen net worth,tony allen net worth‚Äã,I,0,"1,000",,n/a,n/a,14,0.00,0.00,,12.2M,1 month
typical gamer net worth,typical gamer net worth‚Äã,I,0,"1,000",,n/a,n/a,10,0.00,0.00,,2.2M,2 weeks
vybz kartel net worth 2025,vybz kartel net worth 2025‚Äã,I,0,"1,000",,n/a,n/a,11,0.00,0.00,,81,4 weeks
wesley hunt net worth,wesley hunt net worth‚Äã,I,0,"1,000",,n/a,n/a,10,0.00,0.00,,57,1 month
westen champlin net worth,westen champlin net worth‚Äã,I,0,"1,000",,n/a,n/a,5,0.00,0.00,,4.3K,1 month
xcraft net worth,xcraft net worth‚Äã,I,0,"1,000",,n/a,n/a,13,0.00,0.00,,9.9K,2 weeks
zeddy will net worth,zeddy will net worth‚Äã,I,0,"1,000",,n/a,n/a,10,0.00,0.00,,113K,Last week
actor ron perlman net worth,actor ron perlman net worth‚Äã,I,0,880,,n/a,n/a,14,0.00,0.00,,n/a,1 month
alan greenspan net worth,alan greenspan net worth‚Äã,I,0,880,,n/a,n/a,14,0.00,0.00,,71,2 weeks
alex adams net worth,alex adams net worth‚Äã,I,0,880,,n/a,n/a,8,0.00,0.00,,19.6M,Last week
alex eubank net worth,alex eubank net worth‚Äã,I,0,880,,n/a,n/a,12,0.00,0.00,,55,1 month
alex hall net worth,alex hall net worth‚Äã,I,0,880,,n/a,n/a,14,0.00,0.00,,72,1 month
allen payne net worth,allen payne net worth‚Äã,I,0,880,,n/a,n/a,14,0.00,0.00,,3.3M,2 weeks
amy lee net worth,amy lee net worth‚Äã,I,0,880,,n/a,n/a,10,0.00,0.00,,77,3 weeks
anderson paak net worth,anderson paak net worth‚Äã,I,0,880,,n/a,n/a,11,0.00,0.00,,89,1 month
anthony ramos net worth,anthony ramos net worth‚Äã,I,0,880,,n/a,n/a,10,0.00,0.00,,2.4M,2 weeks
anthony weiner net worth,anthony weiner net worth‚Äã,I,0,880,,n/a,n/a,12,0.00,0.00,,869K,1 month
anwar jibawi net worth,anwar jibawi net worth‚Äã,I,0,880,,n/a,n/a,14,0.00,0.00,,72,1 month
april bowlby net worth,april bowlby net worth‚Äã,I,0,880,,n/a,n/a,11,0.00,0.00,,111K,1 month
bear grylls net worth,bear grylls net worth‚Äã,I,0,880,,n/a,n/a,10,0.00,0.00,,89,1 month
big freedia net worth,big freedia net worth‚Äã,I,0,880,,n/a,n/a,11,0.00,0.00,,15.2K,2 weeks
bill gothard net worth,bill gothard net worth‚Äã,I,0,880,,n/a,n/a,10,0.00,0.00,,98.5K,3 weeks
billy mitchell net worth,billy mitchell net worth‚Äã,I,0,880,,n/a,n/a,8,0.00,0.00,,3.3M,1 month
bob newhart net worth,bob newhart net worth‚Äã,I,0,880,,n/a,n/a,13,0.00,0.00,,85.6K,3 weeks
brad williams net worth,brad williams net worth‚Äã,I,0,880,,n/a,n/a,8,0.00,0.00,,74,1 month
chandler hallow net worth,chandler hallow net worth‚Äã,I,0,880,,n/a,n/a,15,0.00,0.00,,64,1 month
charlotte dobre net worth,charlotte dobre net worth‚Äã,I,0,880,,n/a,n/a,8,0.00,0.00,,18.5K,2 weeks
chester bennington net worth,chester bennington net worth‚Äã,I,0,880,,n/a,n/a,8,0.00,0.00,,343K,3 weeks
chip batchelder net worth,chip batchelder net worth‚Äã,I,0,880,,n/a,n/a,0,0.00,0.00,,n/a,1 month
chris ivery net worth,chris ivery net worth‚Äã,I,0,880,,n/a,n/a,14,0.00,0.00,,22K,Last week
christopher guest net worth,christopher guest net worth‚Äã,I,0,880,,n/a,n/a,10,0.00,0.00,,91,1 month
colman domingo net worth,colman domingo net worth‚Äã,I,0,880,,n/a,n/a,13,0.00,0.00,,224K,1 month
colonel sanders net worth,colonel sanders net worth‚Äã,I,0,880,,n/a,n/a,14,0.00,0.00,,713K,1 month
connie chung net worth,connie chung net worth‚Äã,I,0,880,,n/a,n/a,13,0.00,0.00,,82,1 month
copa di vino net worth,copa di vino net worth‚Äã,I,0,880,,n/a,n/a,9,0.00,0.00,,40.1K,1 month
cousins maine lobster net worth,cousins maine lobster net worth‚Äã,I,0,880,,n/a,n/a,12,0.00,0.00,,n/a,1 month
coyote peterson net worth,coyote peterson net worth‚Äã,I,0,880,,n/a,n/a,11,0.00,0.00,,48,1 month
craig t nelson net worth,craig t nelson net worth‚Äã,I,0,880,,n/a,n/a,13,0.00,0.00,,6.3M,1 month
daisy ridley net worth,daisy ridley net worth‚Äã,I,0,880,,n/a,n/a,15,0.00,0.00,,81,1 month
darcy donavan net worth,darcy donavan net worth‚Äã,I,0,880,,n/a,n/a,0,0.00,0.00,,8,1 month
david byrne net worth,david byrne net worth‚Äã,I,0,880,,n/a,n/a,11,0.00,0.00,,5.3M,1 month
delroy lindo net worth,delroy lindo net worth‚Äã,I,0,880,,n/a,n/a,14,0.00,0.00,,39K,1 month
dennis weaver net worth,dennis weaver net worth‚Äã,I,0,880,,n/a,n/a,11,0.00,0.00,+2,n/a,1 month
desi lydic net worth,desi lydic net worth‚Äã,I,0,880,,n/a,n/a,13,0.00,0.00,,7.1K,1 month
diamond platnumz net worth,diamond platnumz net worth‚Äã,I,0,880,,n/a,n/a,12,0.00,0.00,,107,1 month
dirk benedict net worth,dirk benedict net worth‚Äã,I,0,880,,n/a,n/a,10,0.00,0.00,,185K,2 weeks
dixie d'amelio net worth,dixie d'amelio net worth‚Äã,I,0,880,,n/a,n/a,13,0.00,0.00,+2,33.9K,2 weeks
doug flutie net worth,doug flutie net worth‚Äã,I,0,880,,n/a,n/a,15,0.00,0.00,,72,1 month
drew findling net worth,drew findling net worth‚Äã,I,0,880,,n/a,n/a,8,0.00,0.00,,12.1K,1 month
dustin hadley net worth,dustin hadley net worth‚Äã,I,0,880,,n/a,n/a,5,0.00,0.00,,53,1 month
elaine culotti net worth,elaine culotti net worth‚Äã,I,0,880,,n/a,n/a,0,0.00,0.00,,486,1 month
elsie hewitt net worth,elsie hewitt net worth‚Äã,I,0,880,,n/a,n/a,10,0.00,0.00,,73,1 month
evan peters net worth,evan peters net worth‚Äã,I,0,880,,n/a,n/a,11,0.00,0.00,,82,1 month
fairuza balk net worth,fairuza balk net worth‚Äã,I,0,880,,n/a,n/a,14,0.00,0.00,,59,Last week
faye resnick net worth,faye resnick net worth‚Äã,I,0,880,,n/a,n/a,14,0.00,0.00,,10,1 month
fred ridley net worth,fred ridley net worth‚Äã,I,0,880,,n/a,n/a,14,0.00,0.00,,153K,3 weeks
geoffrey fieger net worth,geoffrey fieger net worth‚Äã,I,0,880,,n/a,n/a,2,0.00,0.00,,1.4K,1 month
gordon mckernan net worth,gordon mckernan net worth‚Äã,I,0,880,,n/a,n/a,9,12.29,0.00,,12.3K,4 weeks
handyman hal net worth,handyman hal net worth‚Äã,I,0,880,,n/a,n/a,8,0.00,0.00,,101K,2 weeks
ilan tobianah net worth,ilan tobianah net worth‚Äã,I,0,880,,n/a,n/a,13,0.00,0.00,+2,6.6K,1 month
isabela merced net worth,isabela merced net worth‚Äã,I,0,880,,n/a,n/a,8,0.00,0.00,,79,4 weeks
izzy stradlin net worth,izzy stradlin net worth‚Äã,I,0,880,,n/a,n/a,15,0.00,0.00,,89,1 month
jack hibbs net worth,jack hibbs net worth‚Äã,I,0,880,,n/a,n/a,6,0.00,0.00,,49,1 month
jack mallers net worth,jack mallers net worth‚Äã,I,0,880,,n/a,n/a,15,0.00,0.00,,n/a,1 month
jamal morton net worth,jamal morton net worth‚Äã,I,0,880,,n/a,n/a,4,0.00,0.00,,217K,3 weeks
jane curtin net worth,jane curtin net worth‚Äã,I,0,880,,n/a,n/a,12,0.00,0.00,,310K,1 month
jane treacy net worth,jane treacy net worth‚Äã,I,0,880,,n/a,n/a,15,0.00,0.00,,40.1K,1 month
jean smart net worth,jean smart net worth‚Äã,I,0,880,,n/a,n/a,13,0.00,0.00,,26.2M,2 weeks
jeff dye net worth,jeff dye net worth‚Äã,I,0,880,,n/a,n/a,14,0.00,0.00,,n/a,1 month
jerry butler net worth,jerry butler net worth‚Äã,I,0,880,,n/a,n/a,1,0.00,0.00,+2,2.5M,3 weeks
jesse metcalfe net worth,jesse metcalfe net worth‚Äã,I,0,880,,n/a,n/a,15,0.00,0.00,,186K,1 month
jesse ventura net worth,jesse ventura net worth‚Äã,I,0,880,,n/a,n/a,11,0.00,0.00,,526K,2 weeks
jesser net worth,jesser net worth‚Äã,I,0,880,,n/a,n/a,11,0.00,0.00,,147K,1 month
joe kenda net worth,joe kenda net worth‚Äã,I,0,880,,n/a,n/a,10,0.00,0.00,,39.3K,4 weeks
john mark sharpe net worth,john mark sharpe net worth‚Äã,I,0,880,,n/a,n/a,4,0.00,0.00,,2.7M,3 weeks
john ritter net worth,john ritter net worth‚Äã,I,0,880,,n/a,n/a,11,0.00,0.00,,94,1 month
jonathan frakes net worth,jonathan frakes net worth‚Äã,I,0,880,,n/a,n/a,13,0.00,0.00,,26.5K,1 month
joseph gordon levitt net worth,joseph gordon levitt net worth‚Äã,I,0,880,,n/a,n/a,13,0.00,0.00,+2,73,2 weeks
judy greer net worth,judy greer net worth‚Äã,I,0,880,,n/a,n/a,13,0.00,0.00,,616K,2 weeks
juice wrld's net worth,juice wrld's net worth‚Äã,I,0,880,,n/a,n/a,12,0.00,0.00,,6.5K,2 weeks
julianna margulies net worth,julianna margulies net worth‚Äã,I,0,880,,n/a,n/a,13,0.00,0.00,,9.2K,2 weeks
justin chambers net worth,justin chambers net worth‚Äã,I,0,880,,n/a,n/a,13,0.00,0.00,,2.3M,3 weeks
kaitlyn dever net worth,kaitlyn dever net worth‚Äã,I,0,880,,n/a,n/a,15,0.00,0.00,,86,1 month
karen allen net worth,karen allen net worth‚Äã,I,0,880,,n/a,n/a,13,0.00,0.00,,3.2M,1 month
keith morrison net worth,keith morrison net worth‚Äã,I,0,880,,n/a,n/a,13,0.00,0.00,,1.9M,1 month
ken block net worth,ken block net worth‚Äã,I,0,880,,n/a,n/a,7,0.00,0.00,,14.7M,1 month
kevin dillon net worth,kevin dillon net worth‚Äã,I,0,880,,n/a,n/a,13,0.00,0.00,,2.2M,1 month
lena waithe net worth,lena waithe net worth‚Äã,I,0,880,,n/a,n/a,13,0.00,0.00,,70,3 weeks
les claypool net worth,les claypool net worth‚Äã,I,0,880,,n/a,n/a,9,0.00,0.00,,59.8K,1 month
leslie bibb net worth,leslie bibb net worth‚Äã,I,0,880,,n/a,n/a,10,0.00,0.00,,n/a,1 month
lisa velez net worth,lisa velez net worth‚Äã,I,0,880,,n/a,n/a,14,0.00,0.00,,386K,1 month
lolo wood net worth,lolo wood net worth‚Äã,I,0,880,,n/a,n/a,10,0.00,0.00,,65,1 month
lou christie net worth,lou christie net worth‚Äã,I,0,880,,n/a,n/a,5,0.00,0.00,,578K,3 weeks
luisito comunica net worth,luisito comunica net worth‚Äã,I,0,880,,n/a,n/a,10,0.00,0.00,,n/a,1 month
mark baum net worth,mark baum net worth‚Äã,I,0,880,,n/a,n/a,14,0.00,0.00,,88,1 month
mark estes net worth,mark estes net worth‚Äã,I,0,880,,n/a,n/a,11,0.00,0.00,,1M,1 month
mary burke net worth,mary burke net worth‚Äã,I,0,880,,n/a,n/a,14,0.00,0.00,,35,1 month
meghan mccain net worth,meghan mccain net worth‚Äã,I,0,880,,n/a,n/a,15,0.00,0.00,,91,1 month
melody holt net worth,melody holt net worth‚Äã,I,0,880,,n/a,n/a,13,0.00,0.00,,495K,4 weeks
michael biehn net worth,michael biehn net worth‚Äã,I,0,880,,n/a,n/a,6,0.00,0.00,,28K,4 weeks
michael fanone net worth,michael fanone net worth‚Äã,I,0,880,,n/a,n/a,6,0.00,0.00,,10.4K,3 weeks
michael learned net worth,michael learned net worth‚Äã,IT,0,880,,n/a,n/a,13,0.00,0.00,,10,4 weeks
michael loftus net worth,michael loftus net worth‚Äã,I,0,880,,n/a,n/a,8,0.00,0.00,,69,1 month
mike dewine net worth,mike dewine net worth‚Äã,I,0,880,,n/a,n/a,15,0.00,0.00,,28.6K,3 weeks
mike lawler net worth,mike lawler net worth‚Äã,I,0,880,,n/a,n/a,10,0.00,0.00,,428K,2 weeks
missy peregrym net worth,missy peregrym net worth‚Äã,I,0,880,,n/a,n/a,13,0.00,0.00,,n/a,1 month
mrballen net worth,mrballen net worth‚Äã,I,0,880,,n/a,n/a,11,0.00,0.00,,n/a,1 month
nancy kulp net worth,nancy kulp net worth‚Äã,I,0,880,,n/a,n/a,2,0.00,0.00,,60,2 weeks
net worth french montana,net worth french montana‚Äã,IC,0,880,,n/a,n/a,11,0.00,0.00,,70,4 weeks
net worth of becky g,net worth of becky g‚Äã,I,0,880,,n/a,n/a,11,0.00,0.00,+2,4.7M,3 weeks
net worth of billy crystal,net worth of billy crystal‚Äã,I,0,880,,n/a,n/a,12,0.00,0.00,,44,4 weeks
net worth of hank williams jr,net worth of hank williams jr‚Äã,I,0,880,,n/a,n/a,11,0.00,0.00,,2M,1 month
net worth of jon gruden,net worth of jon gruden‚Äã,I,0,880,,n/a,n/a,15,0.00,0.00,,23.7K,3 weeks
net worth of tony parker,net worth of tony parker‚Äã,I,0,880,,n/a,n/a,9,0.00,0.00,,68,1 month
net worth paul teutul jr,net worth paul teutul jr‚Äã,I,0,880,,n/a,n/a,15,0.00,0.00,,3.6K,1 month
net worth robert wagner,net worth robert wagner‚Äã,I,0,880,,n/a,n/a,15,0.00,0.00,,11.3M,2 weeks
net worth rza,net worth rza‚Äã,I,0,880,,n/a,n/a,14,0.00,0.00,+2,235K,4 weeks
net worth tina knowles,net worth tina knowles‚Äã,I,0,880,,n/a,n/a,14,0.00,0.00,,536K,1 month
net worth tom girardi,net worth tom girardi‚Äã,I,0,880,,n/a,n/a,15,0.00,0.00,,n/a,1 month
oj simpson net worth at death,oj simpson net worth at death‚Äã,I,0,880,,n/a,n/a,15,0.00,0.00,,133,1 month
pace morby net worth,pace morby net worth‚Äã,I,0,880,,n/a,n/a,15,7.20,0.05,,70,1 month
pasquale rotella net worth,pasquale rotella net worth‚Äã,IT,0,880,,n/a,n/a,13,0.00,0.00,,n/a,1 month
patrick stewart net worth,patrick stewart net worth‚Äã,I,0,880,,n/a,n/a,15,0.00,0.00,,14.1M,3 weeks
paul mauro net worth,paul mauro net worth‚Äã,I,0,880,,n/a,n/a,0,0.00,0.00,,1.4M,2 weeks
phil wickham net worth,phil wickham net worth‚Äã,I,0,880,,n/a,n/a,8,0.00,0.00,,235K,1 month
questlove net worth,questlove net worth‚Äã,I,0,880,,n/a,n/a,9,0.00,0.00,,82,1 month
rahkigiovanni net worth,rahkigiovanni net worth‚Äã,I,0,880,,n/a,n/a,14,0.00,0.33,+2,3.9K,1 month
randy owen net worth,randy owen net worth‚Äã,I,0,880,,n/a,n/a,15,0.00,0.00,,1.1M,4 weeks
reid rasner net worth,reid rasner net worth‚Äã,I,0,880,,n/a,n/a,13,0.00,0.00,,n/a,1 month
richard lawson net worth,richard lawson net worth‚Äã,I,0,880,,n/a,n/a,12,0.00,0.00,,2.8M,Last week
rick riordan net worth,rick riordan net worth‚Äã,I,0,880,,n/a,n/a,9,0.00,0.00,,635K,1 month
robbie chosen net worth,robbie chosen net worth‚Äã,I,0,880,,n/a,n/a,15,0.00,0.00,,n/a,1 month
robby berger net worth,robby berger net worth‚Äã,I,0,880,,n/a,n/a,0,0.00,0.00,,n/a,1 month
robert kirkman net worth,robert kirkman net worth‚Äã,I,0,880,,n/a,n/a,14,0.00,0.00,,69,1 month
rocker steiner net worth,rocker steiner net worth‚Äã,I,0,880,,n/a,n/a,8,0.00,0.00,,23.2K,2 weeks
ryan trahan net worth 2025,ryan trahan net worth 2025‚Äã,I,0,880,,n/a,n/a,13,0.00,0.00,,111K,1 month
santa fe klan net worth,santa fe klan net worth‚Äã,I,0,880,,n/a,n/a,3,0.00,0.00,,110K,3 weeks
scott patterson net worth,scott patterson net worth‚Äã,I,0,880,,n/a,n/a,13,0.00,0.00,,65,1 month
scott peterson net worth,scott peterson net worth‚Äã,I,0,880,,n/a,n/a,15,0.00,0.00,,3.7M,Last week
sean duffy and rachel campos net worth,sean duffy and rachel campos net worth‚Äã,I,0,880,,n/a,n/a,13,0.00,0.00,,14.2K,1 month
sean paul reyes net worth,sean paul reyes net worth‚Äã,I,0,880,,n/a,n/a,2,0.00,0.00,,68,3 weeks
sergio garcia net worth,sergio garcia net worth‚Äã,I,0,880,,n/a,n/a,15,0.00,0.00,,67,1 month
silkk the shocker net worth,silkk the shocker net worth‚Äã,I,0,880,,n/a,n/a,7,0.00,0.00,+2,6K,3 weeks
sir mix a lot net worth,sir mix a lot net worth‚Äã,I,0,880,,n/a,n/a,13,0.00,0.00,,39,3 weeks
sommer ray net worth,sommer ray net worth‚Äã,I,0,880,,n/a,n/a,9,0.00,0.00,,597K,1 month
stephanie mills net worth,stephanie mills net worth‚Äã,I,0,880,,n/a,n/a,13,0.00,0.00,+2,2.4M,1 month
styles p net worth,styles p net worth‚Äã,I,0,880,,n/a,n/a,6,0.00,0.00,+2,109M,3 weeks
sue aikens net worth,sue aikens net worth‚Äã,I,0,880,,n/a,n/a,14,0.00,0.00,,61,2 weeks
susanna hoffs net worth,susanna hoffs net worth‚Äã,I,0,880,,n/a,n/a,11,0.00,0.00,,70,4 weeks
tatyana ali net worth,tatyana ali net worth‚Äã,I,0,880,,n/a,n/a,14,0.00,0.00,+2,150K,2 weeks
taylor armstrong net worth,taylor armstrong net worth‚Äã,I,0,880,,n/a,n/a,12,0.00,0.00,,74,1 month
terrell suggs net worth,terrell suggs net worth‚Äã,I,0,880,,n/a,n/a,12,0.00,0.00,,67,2 weeks
tim daly net worth,tim daly net worth‚Äã,I,0,880,,n/a,n/a,10,0.00,0.00,,78,2 weeks
tina yothers net worth,tina yothers net worth‚Äã,I,0,880,,n/a,n/a,4,0.00,0.00,,6.8K,1 month
tony iommi net worth,tony iommi net worth‚Äã,I,0,880,,n/a,n/a,15,0.00,0.00,,32.7K,1 month
trace gallagher net worth,trace gallagher net worth‚Äã,I,0,880,,n/a,n/a,5,0.00,0.00,,734K,3 weeks
tracy t net worth,tracy t net worth‚Äã,I,0,880,,n/a,n/a,2,0.00,0.00,+2,44.3M,Last week
tristan rogers net worth,tristan rogers net worth‚Äã,I,0,880,,n/a,n/a,15,0.00,0.00,,422K,1 month
tucker carlson wife heiress net worth,tucker carlson wife heiress net worth‚Äã,I,0,880,,n/a,n/a,13,0.00,0.00,,79,1 month
will compton net worth,will compton net worth‚Äã,I,0,880,,n/a,n/a,8,0.00,0.00,,n/a,1 month
will poulter net worth,will poulter net worth‚Äã,I,0,880,,n/a,n/a,15,0.00,0.00,,310K,3 weeks
yella beezy net worth 2025,yella beezy net worth 2025‚Äã,I,0,880,,n/a,n/a,15,0.00,0.00,,68,1 month
yuno miles net worth,yuno miles net worth‚Äã,I,0,880,,n/a,n/a,13,0.00,0.00,,52,3 weeks
50 cent biography net worth career,50 cent biography net worth career‚Äã,IC,0,720,,n/a,n/a,14,0.00,0.00,,105,1 month
abigail hawk net worth,abigail hawk net worth‚Äã,I,0,720,,n/a,n/a,0,0.00,0.00,,286K,2 weeks
adam kinzinger- net worth,adam kinzinger- net worth‚Äã,I,0,720,,n/a,n/a,11,0.00,0.00,,55,1 month
adam scott actor net worth,adam scott actor net worth‚Äã,I,0,720,,n/a,n/a,15,0.00,0.00,,27.5M,4 weeks
adrienne bailon net worth,adrienne bailon net worth‚Äã,I,0,720,,n/a,n/a,12,0.00,0.00,,76,3 weeks
alex borstein net worth,alex borstein net worth‚Äã,I,0,720,,n/a,n/a,12,0.00,0.00,,71,1 month
alison brie net worth,alison brie net worth‚Äã,I,0,720,,n/a,n/a,12,0.00,0.00,,82,1 month
amanda bearse net worth,amanda bearse net worth‚Äã,I,0,720,,n/a,n/a,14,0.00,0.00,,18.1K,1 month
amy luciani net worth,amy luciani net worth‚Äã,I,0,720,,n/a,n/a,11,0.00,0.00,+2,45.1K,1 month
andrew gruel net worth,andrew gruel net worth‚Äã,I,0,720,,n/a,n/a,8,0.00,0.00,,58,1 month
angela cartwright net worth,angela cartwright net worth‚Äã,I,0,720,,n/a,n/a,15,0.00,0.00,,86.8K,2 weeks
anitta net worth,anitta net worth‚Äã,I,0,720,,n/a,n/a,14,0.00,0.00,,324K,1 month
anjelah johnson net worth,anjelah johnson net worth‚Äã,I,0,720,,n/a,n/a,9,0.00,0.00,,3.4K,2 weeks
anwar zakkour net worth,anwar zakkour net worth‚Äã,I,0,720,,n/a,n/a,11,0.00,0.00,,7,4 weeks
audrey hepburn net worth,audrey hepburn net worth‚Äã,I,0,720,,n/a,n/a,10,0.00,0.00,+2,808K,3 weeks
audrina patridge net worth,audrina patridge net worth‚Äã,I,0,720,,n/a,n/a,15,0.00,0.00,,88,4 weeks
autumn falls net worth,autumn falls net worth‚Äã,I,0,720,,n/a,n/a,5,0.00,0.00,,11.9M,4 weeks
babychiefdoit net worth,babychiefdoit net worth‚Äã,I,0,720,,n/a,n/a,11,0.00,0.00,,n/a,1 month
barbara billingsley net worth,barbara billingsley net worth‚Äã,I,0,720,,n/a,n/a,9,0.00,0.00,,75,3 weeks
berner net worth,berner net worth‚Äã,I,0,720,,n/a,n/a,14,0.00,0.00,,1.1M,1 month
beverly d angelo net worth,beverly d angelo net worth‚Äã,I,0,720,,n/a,n/a,10,0.00,0.00,,706K,3 weeks
bill mott net worth,bill mott net worth‚Äã,I,0,720,,n/a,n/a,11,0.00,0.00,,52,1 month
bill winston net worth,bill winston net worth‚Äã,I,0,720,,n/a,n/a,3,0.00,0.00,,8.2M,1 month
billy gardell net worth,billy gardell net worth‚Äã,I,0,720,,n/a,n/a,12,0.00,0.00,,21.3K,1 month
bizzy bone net worth,bizzy bone net worth‚Äã,I,0,720,,n/a,n/a,6,0.00,0.00,,n/a,1 month
brad lea net worth,brad lea net worth‚Äã,I,0,720,,n/a,n/a,7,0.00,0.00,,n/a,1 month
brantley gilbert net worth,brantley gilbert net worth‚Äã,I,0,720,,n/a,n/a,9,0.00,0.00,,293K,2 weeks
brian baumgartner net worth,brian baumgartner net worth‚Äã,I,0,720,,n/a,n/a,14,0.00,0.00,,57,4 weeks
calum harper net worth,calum harper net worth‚Äã,I,0,720,,n/a,n/a,12,0.00,0.00,,n/a,1 month
cam wilder net worth,cam wilder net worth‚Äã,I,0,720,,n/a,n/a,7,0.00,0.00,,410K,3 weeks
carnie wilson net worth,carnie wilson net worth‚Äã,I,0,720,,n/a,n/a,15,0.00,0.00,,n/a,1 month
chadwick boseman net worth,chadwick boseman net worth‚Äã,I,0,720,,n/a,n/a,15,0.00,0.00,,91,1 month
charlie berens net worth,charlie berens net worth‚Äã,I,0,720,,n/a,n/a,12,0.00,0.00,,10,1 month
chico bean net worth,chico bean net worth‚Äã,I,0,720,,n/a,n/a,10,0.00,0.00,,223K,1 month
chico lachowski net worth,chico lachowski net worth‚Äã,I,0,720,,n/a,n/a,7,0.00,0.00,,10.9K,1 month
chris cornell net worth,chris cornell net worth‚Äã,I,0,720,,n/a,n/a,14,0.00,0.00,+2,4M,3 weeks
chris kempczinski net worth,chris kempczinski net worth‚Äã,I,0,720,,n/a,n/a,14,0.00,0.00,,86,1 month
chris klein net worth,chris klein net worth‚Äã,I,0,720,,n/a,n/a,14,0.00,0.00,,71,1 month
chris tomlin net worth,chris tomlin net worth‚Äã,I,0,720,,n/a,n/a,15,0.00,0.00,,55,1 month
christel khalil net worth,christel khalil net worth‚Äã,I,0,720,,n/a,n/a,14,0.00,0.00,,7.4K,1 month
chuck berry net worth,chuck berry net worth‚Äã,I,0,720,,n/a,n/a,15,0.00,0.00,,72,1 month
cliff drysdale net worth,cliff drysdale net worth‚Äã,I,0,720,,n/a,n/a,11,0.00,0.00,,59.3K,2 weeks
comedian ron white net worth,comedian ron white net worth‚Äã,I,0,720,,n/a,n/a,12,0.00,0.00,,61,1 month
conan gray net worth,conan gray net worth‚Äã,IC,0,720,,n/a,n/a,13,0.00,0.00,,2.6M,1 month
connie britton net worth,connie britton net worth‚Äã,I,0,720,,n/a,n/a,13,0.00,0.00,,84,1 month
cori bush net worth,cori bush net worth‚Äã,I,0,720,,n/a,n/a,13,0.00,0.00,,175K,2 weeks
craig culver net worth,craig culver net worth‚Äã,I,0,720,,n/a,n/a,12,0.00,0.00,,n/a,1 month
crystal gayle net worth,crystal gayle net worth‚Äã,I,0,720,,n/a,n/a,11,0.00,0.00,,616K,3 weeks
d'aydrian harding net worth,d'aydrian harding net worth‚Äã,I,0,720,,n/a,n/a,12,0.00,0.00,,7K,2 weeks
daft punk net worth,daft punk net worth‚Äã,I,0,720,,n/a,n/a,8,0.00,0.00,,n/a,1 month
dan newlin net worth,dan newlin net worth‚Äã,I,0,720,,n/a,n/a,3,27.00,0.09,,57,1 month
dan patrick net worth,dan patrick net worth‚Äã,I,0,720,,n/a,n/a,13,0.00,0.00,,51,1 month
daniel neeleman net worth,daniel neeleman net worth‚Äã,I,0,720,,n/a,n/a,12,0.00,0.00,,5.2K,Last week
darrell waltrip net worth,darrell waltrip net worth‚Äã,I,0,720,,n/a,n/a,13,0.00,0.00,,21.5K,1 month
david archuleta net worth,david archuleta net worth‚Äã,I,0,720,,n/a,n/a,15,0.00,0.00,,71,1 month
david gates net worth,david gates net worth‚Äã,I,0,720,,n/a,n/a,13,0.00,0.00,,n/a,1 month
david jeremiah net worth,david jeremiah net worth‚Äã,I,0,720,,n/a,n/a,15,0.00,0.00,,n/a,1 month
david laid net worth,david laid net worth‚Äã,I,0,720,,n/a,n/a,12,0.00,0.00,,36.3M,1 month
david mann net worth,david mann net worth‚Äã,I,0,720,,n/a,n/a,15,0.00,0.00,,24.4M,2 weeks
david mccallum net worth,david mccallum net worth‚Äã,I,0,720,,n/a,n/a,15,0.00,0.00,,673K,2 weeks
david pakman net worth,david pakman net worth‚Äã,I,0,720,,n/a,n/a,10,0.00,0.00,,24.1K,Last week
dean graziosi net worth,dean graziosi net worth‚Äã,I,0,720,,n/a,n/a,13,0.00,0.00,,19.2K,1 month
dennis mckinley net worth,dennis mckinley net worth‚Äã,I,0,720,,n/a,n/a,8,0.00,0.00,,680K,1 month
diamond and silk net worth,diamond and silk net worth‚Äã,I,0,720,,n/a,n/a,9,0.00,0.00,,2M,2 weeks
dick clark net worth,dick clark net worth‚Äã,I,0,720,,n/a,n/a,13,0.00,0.00,,74,1 month
dierks bentley net worth,dierks bentley net worth‚Äã,IC,0,720,,n/a,n/a,10,0.00,0.00,,51.8K,4 weeks
dino guilmette net worth,dino guilmette net worth‚Äã,I,0,720,,n/a,n/a,0,0.00,0.00,,75,1 month
dominique wilkins net worth,dominique wilkins net worth‚Äã,I,0,720,,n/a,n/a,7,0.00,0.00,,n/a,1 month
don cornelius net worth,don cornelius net worth‚Äã,I,0,720,,n/a,n/a,14,0.00,0.00,,73,1 month
doug pitt net worth,doug pitt net worth‚Äã,I,0,720,,n/a,n/a,15,0.00,0.00,,n/a,1 month
dr steven greer net worth,dr steven greer net worth‚Äã,I,0,720,,n/a,n/a,11,0.00,0.00,,69,4 weeks
dr umar johnson net worth,dr umar johnson net worth‚Äã,I,0,720,,n/a,n/a,13,0.00,0.00,+2,243K,1 month
dwight gooden net worth,dwight gooden net worth‚Äã,I,0,720,,n/a,n/a,11,0.00,0.00,,23.9K,1 month
ed bastian net worth,ed bastian net worth‚Äã,I,0,720,,n/a,n/a,14,0.00,0.00,,477K,1 month
elan ruspoli net worth,elan ruspoli net worth‚Äã,IC,0,720,,n/a,n/a,5,0.00,0.00,,1.1K,3 weeks
elliott gould net worth,elliott gould net worth‚Äã,I,0,720,,n/a,n/a,15,0.00,0.00,,857K,2 weeks
elmer heinrich net worth,elmer heinrich net worth‚Äã,I,0,720,,n/a,n/a,0,0.00,0.00,,128K,3 weeks
elyce arons net worth,elyce arons net worth‚Äã,I,0,720,,n/a,n/a,0,0.00,0.00,,940,4 weeks
erin moran net worth,erin moran net worth‚Äã,I,0,720,,n/a,n/a,14,0.00,0.00,,491K,3 weeks
ethan suplee net worth,ethan suplee net worth‚Äã,I,0,720,,n/a,n/a,6,0.00,0.00,,n/a,1 month
fiona apple net worth,fiona apple net worth‚Äã,I,0,720,,n/a,n/a,8,0.00,0.00,,1.1M,4 weeks
flau jae johnson net worth,flau jae johnson net worth‚Äã,I,0,720,,n/a,n/a,14,0.00,0.00,,84,1 month
g-eazy net worth,g-eazy net worth‚Äã,I,0,720,,n/a,n/a,12,0.00,0.00,,555K,4 weeks
gary cole net worth,gary cole net worth‚Äã,I,0,720,,n/a,n/a,12,0.00,0.00,,n/a,1 month
gary levox net worth,gary levox net worth‚Äã,I,0,720,,n/a,n/a,9,0.00,0.00,,n/a,1 month
gene wilder net worth,gene wilder net worth‚Äã,I,0,720,,n/a,n/a,6,0.00,0.00,,74,1 month
george clinton net worth,george clinton net worth‚Äã,I,0,720,,n/a,n/a,10,0.00,0.00,+2,80,1 month
george takei net worth,george takei net worth‚Äã,I,0,720,,n/a,n/a,7,0.00,0.00,,72,3 weeks
gerald mcraney net worth,gerald mcraney net worth‚Äã,I,0,720,,n/a,n/a,12,0.00,0.00,,58,1 month
gianluca vacchi net worth,gianluca vacchi net worth‚Äã,I,0,720,,n/a,n/a,15,0.00,0.00,,5.9K,2 weeks
glen campbell net worth,glen campbell net worth‚Äã,I,0,720,,n/a,n/a,12,0.00,0.00,,55,3 weeks
glenn frey net worth,glenn frey net worth‚Äã,I,0,720,,n/a,n/a,13,0.00,0.00,,441K,3 weeks
gunna net worth 2025,gunna net worth 2025‚Äã,I,0,720,,n/a,n/a,9,0.00,0.00,+2,68,1 month
hank green net worth,hank green net worth‚Äã,I,0,720,,n/a,n/a,13,0.00,0.00,,90,1 month
hannah lee duggan net worth,hannah lee duggan net worth‚Äã,I,0,720,,n/a,n/a,13,0.00,0.00,,66,1 month
hazel e net worth,hazel e net worth‚Äã,I,0,720,,n/a,n/a,11,0.00,0.00,,7.9M,1 month
heath ledger net worth,heath ledger net worth‚Äã,I,0,720,,n/a,n/a,15,0.00,0.00,,757K,1 month
hideo kojima net worth,hideo kojima net worth‚Äã,I,0,720,,n/a,n/a,13,0.00,0.00,,148K,2 weeks
hock tan net worth,hock tan net worth‚Äã,I,0,720,,n/a,n/a,13,0.00,0.00,,77,1 month
hugh beaumont net worth,hugh beaumont net worth‚Äã,I,0,720,,n/a,n/a,5,0.00,0.00,,n/a,1 month
isaac rochell net worth,isaac rochell net worth‚Äã,I,0,720,,n/a,n/a,13,0.00,0.00,,n/a,1 month
jack mcbrayer net worth,jack mcbrayer net worth‚Äã,I,0,720,,n/a,n/a,10,0.00,0.00,,53.4K,1 month
jack quaid net worth,jack quaid net worth‚Äã,I,0,720,,n/a,n/a,14,0.00,0.00,,77,1 month
jacob lofland net worth,jacob lofland net worth‚Äã,I,0,720,,n/a,n/a,8,0.00,0.00,,78,1 month
james fishback net worth,james fishback net worth‚Äã,I,0,720,,n/a,n/a,13,0.00,0.00,,165K,1 month
james murray net worth,james murray net worth‚Äã,I,0,720,,n/a,n/a,11,0.00,0.00,,n/a,1 month
jane lynch net worth,jane lynch net worth‚Äã,I,0,720,,n/a,n/a,11,0.00,0.00,,74,1 month
janis ian net worth,janis ian net worth‚Äã,I,0,720,,n/a,n/a,15,0.00,0.00,,n/a,1 month
jason statham net worth 2025,jason statham net worth 2025‚Äã,I,0,720,,n/a,n/a,14,0.00,0.00,,84,1 month
jason the ween net worth,jason the ween net worth‚Äã,I,0,720,,n/a,n/a,12,0.00,0.00,+2,n/a,1 month
jason whitlock net worth,jason whitlock net worth‚Äã,I,0,720,,n/a,n/a,7,0.00,0.00,,159K,1 month
jay chou net worth,jay chou net worth‚Äã,I,0,720,,n/a,n/a,10,0.00,0.00,,607K,1 month
jeanne tripplehorn net worth,jeanne tripplehorn net worth‚Äã,I,0,720,,n/a,n/a,10,0.00,0.00,,n/a,1 month
jeb bush net worth,jeb bush net worth‚Äã,I,0,720,,n/a,n/a,13,0.00,0.00,,283K,2 weeks
jeffrey goldberg net worth,jeffrey goldberg net worth‚Äã,I,0,720,,n/a,n/a,14,0.00,0.00,,1.4M,4 weeks
jenna bush net worth,jenna bush net worth‚Äã,I,0,720,,n/a,n/a,12,0.01,0.01,,1.1M,1 month
jentezen franklin net worth,jentezen franklin net worth‚Äã,I,0,720,,n/a,n/a,11,10.23,0.04,,11.6K,1 month
jim adler net worth,jim adler net worth‚Äã,I,0,720,,n/a,n/a,4,0.00,0.00,,n/a,1 month
joe bart net worth,joe bart net worth‚Äã,IC,0,720,,n/a,n/a,12,0.00,0.00,,n/a,1 month
joe concha net worth,joe concha net worth‚Äã,I,0,720,,n/a,n/a,6,0.00,0.00,,54,3 weeks
joe tacopina net worth,joe tacopina net worth‚Äã,I,0,720,,n/a,n/a,2,0.00,0.00,,n/a,1 month
joey jones net worth,joey jones net worth‚Äã,I,0,720,,n/a,n/a,15,0.00,0.00,,6.2M,1 month
john hughes net worth,john hughes net worth‚Äã,I,0,720,,n/a,n/a,15,0.00,0.00,,56,1 month
john popper net worth,john popper net worth‚Äã,IT,0,720,,n/a,n/a,11,0.00,0.00,,699K,1 month
john schneider actor net worth,john schneider actor net worth‚Äã,I,0,720,,n/a,n/a,14,0.00,0.00,,83,1 month
johnny bench net worth,johnny bench net worth‚Äã,I,0,720,,n/a,n/a,10,0.00,0.00,,n/a,1 month
jonathan davis net worth,jonathan davis net worth‚Äã,I,0,720,,n/a,n/a,14,0.00,0.00,+2,33.1M,2 weeks
joseph gordon-levitt net worth,joseph gordon-levitt net worth‚Äã,I,0,720,,n/a,n/a,15,0.00,0.00,,382K,2 weeks
josh dun net worth,josh dun net worth‚Äã,I,0,720,,n/a,n/a,15,0.00,0.00,,301K,1 month
josh kesselman net worth,josh kesselman net worth‚Äã,IC,0,720,,n/a,n/a,7,0.00,0.00,,n/a,1 month
judge milian net worth,judge milian net worth‚Äã,I,0,720,,n/a,n/a,7,0.00,0.00,,72,1 month
jules ari net worth,jules ari net worth‚Äã,I,0,720,,n/a,n/a,7,0.00,0.00,,296K,1 month
julie green ministries net worth,julie green ministries net worth‚Äã,I,0,720,,n/a,n/a,8,0.00,0.00,,55,1 month
jwana karim net worth,jwana karim net worth‚Äã,I,0,720,,n/a,n/a,11,0.00,0.00,,1.9K,2 weeks
kanel joseph net worth,kanel joseph net worth‚Äã,I,0,720,,n/a,n/a,12,0.00,0.00,,44,1 month
kasey kahne net worth,kasey kahne net worth‚Äã,I,0,720,,n/a,n/a,12,0.00,0.00,,n/a,1 month
kate stoltz net worth,kate stoltz net worth‚Äã,I,0,720,,n/a,n/a,6,0.00,0.00,,14.8K,1 month
katie lee net worth,katie lee net worth‚Äã,I,0,720,,n/a,n/a,5,0.00,0.00,,76,4 weeks
kevin connolly net worth,kevin connolly net worth‚Äã,I,0,720,,n/a,n/a,12,0.00,0.00,,1.2M,1 month
kevin kline net worth,kevin kline net worth‚Äã,I,0,720,,n/a,n/a,14,0.00,0.00,,80,1 month
king solomon smallwood jr net worth,king solomon smallwood jr net worth‚Äã,I,0,720,,n/a,n/a,8,0.00,0.00,,54.7K,1 month
kirsten storms net worth,kirsten storms net worth‚Äã,I,0,720,,n/a,n/a,9,0.00,0.00,,75,1 month
krista horton net worth,krista horton net worth‚Äã,I,0,720,,n/a,n/a,7,0.00,0.00,,145K,1 month
kumail nanjiani net worth,kumail nanjiani net worth‚Äã,I,0,720,,n/a,n/a,13,0.00,0.00,,14.1K,1 month
kyle baugher net worth,kyle baugher net worth‚Äã,I,0,720,,n/a,n/a,5,0.00,0.00,,25.6K,2 weeks
kyle maclachlan net worth,kyle maclachlan net worth‚Äã,I,0,720,,n/a,n/a,10,0.00,0.00,,83,1 month
kyle petty net worth,kyle petty net worth‚Äã,I,0,720,,n/a,n/a,13,0.00,0.00,,854K,1 month
kylea gomez net worth,kylea gomez net worth‚Äã,I,0,720,,n/a,n/a,14,0.00,0.00,,72,1 month
kym whitley net worth,kym whitley net worth‚Äã,I,0,720,,n/a,n/a,9,0.00,0.00,,83,1 month
lauren lake net worth,lauren lake net worth‚Äã,I,0,720,,n/a,n/a,2,0.00,0.00,,6M,1 month
lena headey net worth,lena headey net worth‚Äã,I,0,720,,n/a,n/a,15,0.00,0.00,,91,1 month
leslie nielsen net worth,leslie nielsen net worth‚Äã,I,0,720,,n/a,n/a,13,0.00,0.00,,138K,1 month
lita ford net worth,lita ford net worth‚Äã,I,0,720,,n/a,n/a,8,0.00,0.00,,n/a,1 month
lucy hale net worth,lucy hale net worth‚Äã,I,0,720,,n/a,n/a,13,0.00,0.00,,1.1M,3 weeks
luh tyler net worth,luh tyler net worth‚Äã,I,0,720,,n/a,n/a,10,0.00,0.00,,n/a,1 month
luis fonsi net worth,luis fonsi net worth‚Äã,I,0,720,,n/a,n/a,7,0.00,0.00,,88.9K,2 weeks
luke kuechly net worth,luke kuechly net worth‚Äã,I,0,720,,n/a,n/a,11,0.00,0.00,,69,2 weeks
mac demarco net worth,mac demarco net worth‚Äã,I,0,720,,n/a,n/a,11,0.00,0.00,,61,1 month
maksud agadjani net worth,maksud agadjani net worth‚Äã,I,0,720,,n/a,n/a,1,0.00,0.00,,1.6K,1 month
malaysia pargo net worth,malaysia pargo net worth‚Äã,I,0,720,,n/a,n/a,12,0.00,0.00,,3.6K,1 month
manelyk gonz√°lez net worth,manelyk gonz√°lez net worth‚Äã,I,0,720,,n/a,n/a,7,0.00,0.00,,n/a,1 month
marcia clark net worth,marcia clark net worth‚Äã,I,0,720,,n/a,n/a,15,0.00,0.00,,85,1 month
margaret hoover net worth,margaret hoover net worth‚Äã,I,0,720,,n/a,n/a,2,0.00,0.00,,n/a,1 month
mark hoppus net worth,mark hoppus net worth‚Äã,I,0,720,,n/a,n/a,10,0.00,0.00,,82,1 month
mark laita net worth,mark laita net worth‚Äã,I,0,720,,n/a,n/a,0,0.00,0.00,,9.3K,1 month
mark mcgwire net worth,mark mcgwire net worth‚Äã,I,0,720,,n/a,n/a,11,0.00,0.00,,69,1 month
marsau scott net worth,marsau scott net worth‚Äã,I,0,720,,n/a,n/a,9,0.00,0.00,,53,1 month
marshall faulk net worth,marshall faulk net worth‚Äã,I,0,720,,n/a,n/a,15,0.00,0.00,,60,1 month
martina mcbride net worth,martina mcbride net worth‚Äã,I,0,720,,n/a,n/a,15,0.00,0.00,,n/a,1 month
matt mccusker net worth,matt mccusker net worth‚Äã,I,0,720,,n/a,n/a,0,0.00,0.00,,62,3 weeks
maura tierney net worth,maura tierney net worth‚Äã,I,0,720,,n/a,n/a,14,0.00,0.00,,27.1K,1 month
max greenfield net worth,max greenfield net worth‚Äã,I,0,720,,n/a,n/a,12,0.00,0.00,,70,1 month
maxwell net worth,maxwell net worth‚Äã,I,0,720,,n/a,n/a,14,0.00,0.00,,29.1M,1 month
mckinley richardson net worth,mckinley richardson net worth‚Äã,I,0,720,,n/a,n/a,4,0.00,0.00,,595K,3 weeks
meekah net worth,meekah net worth‚Äã,I,0,720,,n/a,n/a,10,0.00,0.00,,5.8K,1 month
mendy steiner net worth,mendy steiner net worth‚Äã,I,0,720,,n/a,n/a,3,0.00,0.00,,6.2K,1 month
messiah harris net worth,messiah harris net worth‚Äã,I,0,720,,n/a,n/a,14,0.00,0.00,,372K,1 month
mia x net worth,mia x net worth‚Äã,I,0,720,,n/a,n/a,13,0.00,0.00,,n/a,1 month
michael knowles net worth,michael knowles net worth‚Äã,I,0,720,,n/a,n/a,10,0.00,0.00,,2.8M,1 month
michael waddell net worth,michael waddell net worth‚Äã,I,0,720,,n/a,n/a,10,0.00,0.00,,293K,4 weeks
mike braun net worth,mike braun net worth‚Äã,I,0,720,,n/a,n/a,13,0.00,0.00,,48,1 month
mike piazza net worth,mike piazza net worth‚Äã,I,0,720,,n/a,n/a,11,0.00,0.00,,76K,1 month
milo manheim net worth,milo manheim net worth‚Äã,I,0,720,,n/a,n/a,11,0.00,0.00,,n/a,1 month
miriam ezagui net worth,miriam ezagui net worth‚Äã,I,0,720,,n/a,n/a,12,0.00,0.00,,n/a,1 month
mister lewis lux net worth,mister lewis lux net worth‚Äã,I,0,720,,n/a,n/a,2,0.00,0.00,+2,79,1 month
moneybagg yo net worth 2025,moneybagg yo net worth 2025‚Äã,I,0,720,,n/a,n/a,7,0.00,0.00,+2,46.7K,1 month
morris bart net worth,morris bart net worth‚Äã,I,0,720,,n/a,n/a,1,0.00,0.00,,n/a,1 month
nathan lane net worth,nathan lane net worth‚Äã,I,0,720,,n/a,n/a,10,0.00,0.00,,65,1 month
net worth andy samberg,net worth andy samberg‚Äã,I,0,720,,n/a,n/a,15,0.00,0.00,,59.4K,1 month
net worth frankie avalon,net worth frankie avalon‚Äã,I,0,720,,n/a,n/a,11,0.00,0.00,,35.9K,1 month
net worth george michael,net worth george michael‚Äã,I,0,720,,n/a,n/a,12,0.00,0.00,,479M,4 weeks
net worth james kennedy,net worth james kennedy‚Äã,I,0,720,,n/a,n/a,13,0.00,0.00,,69,1 month
net worth john mcafee,net worth john mcafee‚Äã,I,0,720,,n/a,n/a,13,0.00,0.00,,n/a,1 month
net worth lil bow wow,net worth lil bow wow‚Äã,I,0,720,,n/a,n/a,13,0.00,0.00,,796K,3 weeks
net worth of carly simon,net worth of carly simon‚Äã,I,0,720,,n/a,n/a,13,0.00,0.00,,n/a,1 month
net worth of dude perfect,net worth of dude perfect‚Äã,I,0,720,,n/a,n/a,13,0.00,0.00,,100,1 month
net worth of jennie garth,net worth of jennie garth‚Äã,I,0,720,,n/a,n/a,13,0.00,0.00,,n/a,1 month
net worth of jessica tarlov,net worth of jessica tarlov‚Äã,I,0,720,,n/a,n/a,10,0.00,0.00,,n/a,1 month
net worth of joseph gordon-levitt,net worth of joseph gordon-levitt‚Äã,I,0,720,,n/a,n/a,15,0.00,0.00,,95.6K,1 month
net worth of lauren conrad,net worth of lauren conrad‚Äã,I,0,720,,n/a,n/a,15,0.00,0.00,,1.4M,1 month
net worth of monica,net worth of monica‚Äã,I,0,720,,n/a,n/a,11,0.00,0.00,+2,111M,3 weeks
net worth of robert wagner,net worth of robert wagner‚Äã,I,0,720,,n/a,n/a,11,0.00,0.00,,59,1 month
net worth of sherman hemsley,net worth of sherman hemsley‚Äã,I,0,720,,n/a,n/a,14,0.00,0.00,,16K,2 weeks
net worth of tommy lee,net worth of tommy lee‚Äã,I,0,720,,n/a,n/a,14,0.00,0.00,,90,1 month
net worth of vincent d'onofrio,net worth of vincent d'onofrio‚Äã,I,0,720,,n/a,n/a,7,0.00,0.00,,181K,3 weeks
net worth stana katic,net worth stana katic‚Äã,I,0,720,,n/a,n/a,10,0.00,0.00,+2,66,1 month
nick hagen net worth,nick hagen net worth‚Äã,I,0,720,,n/a,n/a,7,0.00,0.00,,60,1 month
nikki reed net worth,nikki reed net worth‚Äã,I,0,720,,n/a,n/a,14,0.00,0.00,,74,1 month
noah beck net worth,noah beck net worth‚Äã,I,0,720,,n/a,n/a,12,0.00,0.00,,85,4 weeks
noam chomsky net worth,noam chomsky net worth‚Äã,I,0,720,,n/a,n/a,13,0.00,0.00,,n/a,1 month
norah jones net worth,norah jones net worth‚Äã,I,0,720,,n/a,n/a,11,0.00,0.00,,n/a,1 month
oliver dachsel net worth,oliver dachsel net worth‚Äã,I,0,720,,n/a,n/a,15,0.00,0.00,,80,1 month
parker mccollum net worth,parker mccollum net worth‚Äã,I,0,720,,n/a,n/a,1,0.00,0.00,,188K,1 month
partynextdoor net worth,partynextdoor net worth‚Äã,I,0,720,,n/a,n/a,14,0.00,0.00,,n/a,1 month
paul castellano net worth,paul castellano net worth‚Äã,I,0,720,,n/a,n/a,11,0.00,0.00,,406K,1 month
peter facinelli net worth,peter facinelli net worth‚Äã,I,0,720,,n/a,n/a,7,0.00,0.00,,84,1 month
peter popoff net worth,peter popoff net worth‚Äã,I,0,720,,n/a,n/a,11,0.00,0.00,,62,1 month
rachel bilson net worth,rachel bilson net worth‚Äã,I,0,720,,n/a,n/a,12,0.00,0.00,,33.1K,1 month
rachel brosnahan net worth,rachel brosnahan net worth‚Äã,I,0,720,,n/a,n/a,13,0.00,0.00,,32.5K,1 month
randy johnson net worth,randy johnson net worth‚Äã,IC,0,720,,n/a,n/a,10,0.00,0.00,,68,1 month
rapper fabolous net worth,rapper fabolous net worth‚Äã,I,0,720,,n/a,n/a,14,0.00,0.00,+3,84,2 weeks
rebecca hessel cohen net worth,rebecca hessel cohen net worth‚Äã,I,0,720,,n/a,n/a,11,0.00,0.00,,6.6K,2 weeks
rene russo net worth,rene russo net worth‚Äã,I,0,720,,n/a,n/a,12,0.00,0.00,,72,1 month
rich eisen net worth,rich eisen net worth‚Äã,I,0,720,,n/a,n/a,15,0.00,0.00,,n/a,1 month
richard lewis net worth,richard lewis net worth‚Äã,I,0,720,,n/a,n/a,7,0.00,0.00,,69.6M,1 month
rico abreu net worth,rico abreu net worth‚Äã,I,0,720,,n/a,n/a,6,0.00,0.00,+2,45.4K,Last week
robby krieger net worth,robby krieger net worth‚Äã,I,0,720,,n/a,n/a,10,0.00,0.00,,63,4 weeks
robert eustace net worth,robert eustace net worth‚Äã,I,0,720,,n/a,n/a,14,0.00,0.00,,268K,1 month
robert fuller actor net worth,robert fuller actor net worth‚Äã,I,0,720,,n/a,n/a,13,0.00,0.00,,3M,1 month
robert kimmelman net worth,robert kimmelman net worth‚Äã,I,0,720,,n/a,n/a,10,0.00,0.00,,27.9K,Last week
ron artest net worth,ron artest net worth‚Äã,I,0,720,,n/a,n/a,8,0.00,0.00,,73,1 month
ron paul net worth,ron paul net worth‚Äã,I,0,720,,n/a,n/a,11,0.00,0.00,,n/a,1 month
ronnie milsap net worth,ronnie milsap net worth‚Äã,I,0,720,,n/a,n/a,5,0.00,0.00,,13.5K,1 month
rosie huntington-whiteley net worth,rosie huntington-whiteley net worth‚Äã,I,0,720,,n/a,n/a,8,0.00,0.00,,n/a,1 month
russell hantz net worth,russell hantz net worth‚Äã,I,0,720,,n/a,n/a,13,0.00,0.00,,67,4 weeks
rusty wallace net worth,rusty wallace net worth‚Äã,I,0,720,,n/a,n/a,13,0.00,0.00,,66,1 month
ryan williams net worth,ryan williams net worth‚Äã,I,0,720,,n/a,n/a,11,0.00,0.00,,74,1 month
sam hubbard net worth,sam hubbard net worth‚Äã,I,0,720,,n/a,n/a,15,0.00,0.00,,54,1 month
sammy davis jr net worth,sammy davis jr net worth‚Äã,I,0,720,,n/a,n/a,14,0.00,0.00,,76,1 month
sammy kershaw net worth,sammy kershaw net worth‚Äã,I,0,720,,n/a,n/a,1,0.00,0.00,,17.8K,1 month
sarah mclachlan net worth,sarah mclachlan net worth‚Äã,I,0,720,,n/a,n/a,12,0.00,0.00,,57,1 month
sb mowing net worth,sb mowing net worth‚Äã,I,0,720,,n/a,n/a,5,0.00,0.00,+2,176K,2 weeks
seth dillon net worth,seth dillon net worth‚Äã,I,0,720,,n/a,n/a,14,0.00,0.00,+2,580K,Last week
shanin blake net worth,shanin blake net worth‚Äã,I,0,720,,n/a,n/a,7,0.00,0.00,,n/a,1 month
shawn finch net worth,shawn finch net worth‚Äã,I,0,720,,n/a,n/a,14,0.00,0.00,,162K,1 month
shawn hatosy net worth,shawn hatosy net worth‚Äã,I,0,720,,n/a,n/a,15,0.00,0.00,,11.3K,2 weeks
shelby and dylan net worth,shelby and dylan net worth‚Äã,I,0,720,,n/a,n/a,7,0.00,0.00,,409K,1 month
shirley muldowney net worth,shirley muldowney net worth‚Äã,I,0,720,,n/a,n/a,11,0.00,0.00,,65,1 month
simon le bon net worth,simon le bon net worth‚Äã,I,0,720,,n/a,n/a,15,0.00,0.00,,2.9M,3 weeks
sloane stephens net worth,sloane stephens net worth‚Äã,I,0,720,,n/a,n/a,15,0.00,0.00,,81,2 weeks
snow tha product net worth,snow tha product net worth‚Äã,I,0,720,,n/a,n/a,12,0.00,0.00,,n/a,1 month
sonny barger net worth,sonny barger net worth‚Äã,I,0,720,,n/a,n/a,14,0.00,0.00,,7.1K,1 month
sophia hutchins net worth,sophia hutchins net worth‚Äã,I,0,720,,n/a,n/a,12,0.00,0.00,,n/a,1 month
stalekracker net worth,stalekracker net worth‚Äã,I,0,720,,n/a,n/a,11,0.00,0.00,,66,1 month
stephen hillenburg net worth,stephen hillenburg net worth‚Äã,I,0,720,,n/a,n/a,11,0.00,0.00,,112,1 month
sterling k brown net worth,sterling k brown net worth‚Äã,I,0,720,,n/a,n/a,13,0.00,0.00,,72,1 month
steve garvey net worth,steve garvey net worth‚Äã,I,0,720,,n/a,n/a,13,0.00,0.00,,348K,1 month
steve spitz net worth,steve spitz net worth‚Äã,I,0,720,,n/a,n/a,3,0.00,0.00,,49,1 month
stockard channing net worth,stockard channing net worth‚Äã,I,0,720,,n/a,n/a,10,0.00,0.00,,8.1K,1 month
supercar blondie net worth,supercar blondie net worth‚Äã,I,0,720,,n/a,n/a,13,0.00,0.00,,161K,1 month
susan mikula net worth,susan mikula net worth‚Äã,I,0,720,,n/a,n/a,10,0.00,0.00,,n/a,1 month
sylvester turner net worth,sylvester turner net worth‚Äã,I,0,720,,n/a,n/a,13,0.00,0.00,,49,1 month
tangible net worth,tangible net worth‚Äã,I,0,720,,n/a,n/a,15,0.00,0.00,,42.8M,4 weeks
taylor rooks net worth,taylor rooks net worth‚Äã,I,0,720,,n/a,n/a,6,0.00,0.00,,64,1 month
ted mcginley net worth,ted mcginley net worth‚Äã,I,0,720,,n/a,n/a,5,0.00,0.00,,68,1 month
terrence j net worth,terrence j net worth‚Äã,I,0,720,,n/a,n/a,14,0.00,0.00,+2,1.6M,2 weeks
thom yorke net worth,thom yorke net worth‚Äã,I,0,720,,n/a,n/a,11,0.00,0.00,,75.9K,1 month
ti net worth 2025,ti net worth 2025‚Äã,I,0,720,,n/a,n/a,15,0.00,0.00,,63,1 month
tim kennedy net worth,tim kennedy net worth‚Äã,I,0,720,,n/a,n/a,9,0.00,0.00,,52,1 month
tina majorino net worth,tina majorino net worth‚Äã,I,0,720,,n/a,n/a,8,0.00,0.00,,78,1 month
tj holmes net worth,tj holmes net worth‚Äã,I,0,720,,n/a,n/a,14,0.00,0.00,,2.1M,1 month
todd palin net worth,todd palin net worth‚Äã,I,0,720,,n/a,n/a,14,0.00,0.00,,141K,2 weeks
tom pelphrey net worth,tom pelphrey net worth‚Äã,I,0,720,,n/a,n/a,14,0.00,0.00,,85,1 month
tomi lahren husband net worth,tomi lahren husband net worth‚Äã,I,0,720,,n/a,n/a,11,0.00,0.00,,57,1 month
tommy lee drummer net worth,tommy lee drummer net worth‚Äã,I,0,720,,n/a,n/a,15,0.00,0.00,,n/a,1 month
tommy lowe net worth,tommy lowe net worth‚Äã,I,0,720,,n/a,n/a,10,0.00,0.00,,41,4 weeks
tracy lawrence net worth,tracy lawrence net worth‚Äã,I,0,720,,n/a,n/a,11,0.00,0.00,,1.4M,1 month
treat williams net worth,treat williams net worth‚Äã,I,0,720,,n/a,n/a,11,0.00,0.00,,n/a,1 month
ultra high net worth news,ultra high net worth news‚Äã,I,0,720,,n/a,n/a,15,0.00,0.00,,193,1 month
wes anderson net worth,wes anderson net worth‚Äã,I,0,720,,n/a,n/a,13,0.00,0.00,,n/a,1 month
westside gunn net worth,westside gunn net worth‚Äã,I,0,720,,n/a,n/a,4,0.00,0.00,,63,2 weeks
what is chip and joanna gaines net worth,what is chip and joanna gaines net worth‚Äã,I,0,720,,n/a,n/a,14,0.01,0.02,,101,1 month
what is dana loesch net worth,what is dana loesch net worth‚Äã,I,0,720,,n/a,n/a,15,0.00,0.00,,67,3 weeks
what is ryan trahan's net worth,what is ryan trahan's net worth‚Äã,I,0,720,,n/a,n/a,10,0.00,0.00,,61,1 month
what is sally struthers net worth,what is sally struthers net worth‚Äã,I,0,720,,n/a,n/a,11,0.00,0.00,,19.9K,2 weeks
william levy net worth,william levy net worth‚Äã,I,0,720,,n/a,n/a,15,0.00,0.00,,88,1 month
xolo maridue√±a net worth,xolo maridue√±a net worth‚Äã,I,0,720,,n/a,n/a,11,0.00,0.00,,5.8K,3 weeks
ybn nahmir net worth,ybn nahmir net worth‚Äã,I,0,720,,n/a,n/a,7,0.00,0.00,,62,4 weeks
a boogie wit da hoodie net worth,a boogie wit da hoodie net worth‚Äã,I,0,590,,n/a,n/a,15,0.00,0.00,,78,1 month
aaron glenn net worth,aaron glenn net worth‚Äã,I,0,590,,n/a,n/a,12,0.00,0.00,,3.3M,1 month
actor robert fuller net worth,actor robert fuller net worth‚Äã,I,0,590,,n/a,n/a,12,0.00,0.00,,71,1 month
adam calhoun net worth,adam calhoun net worth‚Äã,I,0,590,,n/a,n/a,1,0.00,0.00,,634K,1 month
adam curry net worth,adam curry net worth‚Äã,I,0,590,,n/a,n/a,4,0.00,0.00,,78,1 month
adam lz net worth,adam lz net worth‚Äã,I,0,590,,n/a,n/a,12,0.00,0.00,,291K,1 month
adam sosnick net worth,adam sosnick net worth‚Äã,I,0,590,,n/a,n/a,9,0.00,0.00,,15.9K,1 month
adidas company net worth,adidas company net worth‚Äã,I,0,590,,n/a,n/a,10,0.00,0.00,,100,1 month
adrian paul net worth,adrian paul net worth‚Äã,I,0,590,,n/a,n/a,15,0.00,0.00,,15.2M,3 weeks
al franken net worth,al franken net worth‚Äã,I,0,590,,n/a,n/a,12,0.00,0.00,,317K,4 weeks
alan rickman net worth,alan rickman net worth‚Äã,I,0,590,,n/a,n/a,10,0.00,0.00,,76,4 weeks
alec monopoly net worth,alec monopoly net worth‚Äã,I,0,590,,n/a,n/a,15,0.00,0.00,,n/a,1 month
alex choi net worth,alex choi net worth‚Äã,I,0,590,,n/a,n/a,11,0.00,0.00,,4.2M,1 month
alexander shunnarah net worth,alexander shunnarah net worth‚Äã,I,0,590,,n/a,n/a,9,14.69,0.01,,64,1 month
amanda berry net worth,amanda berry net worth‚Äã,I,0,590,,n/a,n/a,11,0.00,0.00,,72,1 month
andre hakkak's net worth,andre hakkak's net worth‚Äã,I,0,590,,n/a,n/a,15,0.00,0.00,,686,Last week
angel cabrera net worth,angel cabrera net worth‚Äã,I,0,590,,n/a,n/a,14,0.00,0.00,,60,1 month
annie agar net worth,annie agar net worth‚Äã,I,0,590,,n/a,n/a,0,0.00,0.00,,229K,Last week
anthony perkins net worth,anthony perkins net worth‚Äã,I,0,590,,n/a,n/a,11,0.00,0.00,,1.6M,1 month
anthony pompliano net worth,anthony pompliano net worth‚Äã,I,0,590,,n/a,n/a,14,0.00,0.00,,n/a,1 month
arcangel net worth,arcangel net worth‚Äã,I,0,590,,n/a,n/a,15,0.00,0.00,,70,1 month
arch aplin net worth,arch aplin net worth‚Äã,I,0,590,,n/a,n/a,11,0.00,0.00,,68,1 month
art terkeurst net worth,art terkeurst net worth‚Äã,I,0,590,,n/a,n/a,0,0.00,0.00,,n/a,1 month
ashley greene net worth,ashley greene net worth‚Äã,I,0,590,,n/a,n/a,13,0.00,0.00,,n/a,1 month
babytron net worth,babytron net worth‚Äã,I,0,590,,n/a,n/a,15,0.00,0.00,,n/a,1 month
barry switzer net worth,barry switzer net worth‚Äã,I,0,590,,n/a,n/a,12,0.00,0.00,,72,4 weeks
bear grylls' net worth,bear grylls' net worth‚Äã,I,0,590,,n/a,n/a,15,0.00,0.00,,254K,3 weeks
beastie boys net worth,beastie boys net worth‚Äã,I,0,590,,n/a,n/a,4,0.00,0.00,,371K,3 weeks
behati prinsloo net worth,behati prinsloo net worth‚Äã,I,0,590,,n/a,n/a,12,0.00,0.00,,75,2 weeks
ben pogue dallas net worth,ben pogue dallas net worth‚Äã,I,0,590,,n/a,n/a,9,0.00,0.00,,n/a,1 month
betsey johnson net worth,betsey johnson net worth‚Äã,I,0,590,,n/a,n/a,10,0.00,0.00,,147K,1 month
betsy grunch net worth,betsy grunch net worth‚Äã,I,0,590,,n/a,n/a,7,0.00,0.00,,2.1K,2 weeks
big boogie net worth,big boogie net worth‚Äã,I,0,590,,n/a,n/a,1,0.00,0.00,,4.1M,4 weeks
bill elliott net worth,bill elliott net worth‚Äã,I,0,590,,n/a,n/a,14,0.00,0.00,,69,1 month
bill fagerbakke net worth,bill fagerbakke net worth‚Äã,I,0,590,,n/a,n/a,4,0.00,0.00,,2.9K,1 month
bill paxton net worth,bill paxton net worth‚Äã,I,0,590,,n/a,n/a,12,0.00,0.00,,442K,3 weeks
billy crudup net worth,billy crudup net worth‚Äã,I,0,590,,n/a,n/a,8,0.00,0.00,,85,1 month
billy seidl net worth,billy seidl net worth‚Äã,I,0,590,,n/a,n/a,0,0.00,0.00,,62,1 month
bob lothenbach net worth,bob lothenbach net worth‚Äã,I,0,590,,n/a,n/a,14,0.00,0.00,,6.6K,4 weeks
bob whitfield net worth,bob whitfield net worth‚Äã,I,0,590,,n/a,n/a,8,0.00,0.00,,84,1 month
bobby jenks net worth,bobby jenks net worth‚Äã,I,0,590,,n/a,n/a,12,0.00,0.00,,72.5K,4 weeks
boz scaggs net worth,boz scaggs net worth‚Äã,I,0,590,,n/a,n/a,7,0.00,0.00,+2,69,1 month
brady quinn net worth,brady quinn net worth‚Äã,I,0,590,,n/a,n/a,11,0.00,0.00,,862K,3 weeks
brandon marshall net worth,brandon marshall net worth‚Äã,I,0,590,,n/a,n/a,9,0.00,0.00,,2.8M,2 weeks
brent spiner net worth,brent spiner net worth‚Äã,I,0,590,,n/a,n/a,15,0.00,0.00,,9.3K,3 weeks
brett goldstein net worth,brett goldstein net worth‚Äã,I,0,590,,n/a,n/a,15,0.00,0.00,,90,1 month
brian bonsall net worth,brian bonsall net worth‚Äã,IT,0,590,,n/a,n/a,15,0.00,0.00,,20.4K,1 month
brian malarkey net worth,brian malarkey net worth‚Äã,I,0,590,,n/a,n/a,0,0.00,0.00,,23.2K,1 month
brian quinn net worth,brian quinn net worth‚Äã,I,0,590,,n/a,n/a,10,0.00,0.00,,4.2M,2 weeks
brian scalabrine net worth,brian scalabrine net worth‚Äã,I,0,590,,n/a,n/a,7,0.00,0.00,,n/a,1 month
brianna lyman net worth,brianna lyman net worth‚Äã,I,0,590,,n/a,n/a,0,0.00,0.00,,14.5K,1 month
brittany broski net worth,brittany broski net worth‚Äã,I,0,590,,n/a,n/a,14,0.00,0.00,,73,1 month
brooke hargis net worth,brooke hargis net worth‚Äã,I,0,590,,n/a,n/a,14,0.00,0.00,,n/a,1 month
bryan voltaggio net worth,bryan voltaggio net worth‚Äã,I,0,590,,n/a,n/a,12,0.00,0.00,,1.4K,1 month
captain lee net worth,captain lee net worth‚Äã,I,0,590,,n/a,n/a,10,0.00,0.00,,72,1 month
carly rae jepsen net worth,carly rae jepsen net worth‚Äã,I,0,590,,n/a,n/a,8,0.00,0.00,,n/a,1 month
carrie fisher net worth,carrie fisher net worth‚Äã,I,0,590,,n/a,n/a,8,0.00,0.00,,57,1 month
cary elwes net worth,cary elwes net worth‚Äã,I,0,590,,n/a,n/a,10,0.00,0.00,,80,1 month
charles and alyssa net worth,charles and alyssa net worth‚Äã,I,0,590,,n/a,n/a,12,0.00,0.00,,51,Last week
charles haley net worth,charles haley net worth‚Äã,I,0,590,,n/a,n/a,12,0.00,0.00,,75,1 month